store,address,city,district,lat,lng,population,city_district
개포점,"서울특별시 강남구 논현로 58 (개포동, 동진빌딩)",서울특별시,강남구,37.4755612,127.0472399,542108,서울특별시강남구
논현점,서울특별시 강남구 학동로4길 15,서울특별시,강남구,37.51052070000001,127.0235534,542108,서울특별시강남구
대치점,"서울특별시 강남구 삼성로64길 5, 상가 105호 (대치동, 대치현대아파트)",서울특별시,강남구,37.5008929,127.0610401,542108,서울특별시강남구
삼성점,서울특별시 강남구 봉은사로 451 (삼성동),서울특별시,강남구,37.5120471,127.0490263,542108,서울특별시강남구
압구정점,서울특별시 강남구 압구정로 306 (신사동),서울특별시,강남구,37.5288635,127.03476059999998,542108,서울특별시강남구
역삼점,서울특별시 강남구 역삼로 146 청오빌딩,서울특별시,강남구,37.49452470000001,127.0353681,542108,서울특별시강남구
일원점,"서울특별시 강남구 일원로9길 18, 태경빌딩 102호 (일원동)",서울특별시,강남구,37.4896505,127.0831347,542108,서울특별시강남구
강일점,서울특별시 강동구 상일로 127 (고덕동),서울특별시,강동구,37.5585096,127.1709077,424727,서울특별시강동구
길동점,"서울특별시 강동구 천중로 200 (길동, 다성이즈빌)",서울특별시,강동구,37.5407165,127.142569,424727,서울특별시강동구
둔촌점,"서울특별시 강동구 풍성로 186, 1층 (성내동)",서울특별시,강동구,37.5298086,127.1323739,424727,서울특별시강동구
천호암사점,서울특별시 강동구 올림픽로 738 (천호동),서울특별시,강동구,37.5469963,127.1269933,424727,서울특별시강동구
미아점,"서울특별시 강북구 삼양로24길 19, 102동 101호 (미아동, 현대성우아파트)",서울특별시,강북구,37.6172672,127.02230459999998,316604,서울특별시강북구
번동점,"서울특별시 강북구 덕릉로 147 (번동, 선경빌딩)",서울특별시,강북구,37.6353654,127.0301348,316604,서울특별시강북구
수유점,"서울특별시 강북구 한천로 1131, 104호 (수유동, 수유현대아파트)",서울특별시,강북구,37.64549570000001,127.0182963,316604,서울특별시강북구
강서구청점,서울특별시 강서구 까치산로 189-1,서울특별시,강서구,37.5541459,126.8538918,596233,서울특별시강서구
등촌가양점,서울특별시 강서구 강서로 447,서울특별시,강서구,37.56552,126.8399971,596233,서울특별시강서구
발산점,서울특별시 강서구 강서로 337 (내발산동),서울특별시,강서구,37.5558667,126.8370785,596233,서울특별시강서구
방화점,서울특별시 강서구 금낭화로 69 (방화동),서울특별시,강서구,37.5715479,126.8113644,596233,서울특별시강서구
염창점,"서울특별시 강서구 양천로 731, 309동 102~3호 (염창동, 동아3차아파트)",서울특별시,강서구,37.549794,126.87767920000002,596233,서울특별시강서구
화곡점,서울특별시 강서구 곰달래로 66 (화곡동),서울특별시,강서구,37.5300223,126.8401009,596233,서울특별시강서구
낙성대점,"서울특별시 관악구 남부순환로 1862 (봉천동, 일송빌딩)",서울특별시,관악구,37.4795536,126.9565428,502251,서울특별시관악구
독산난곡점,서울특별시 관악구 남부순환로 1517-1 (신림동),서울특별시,관악구,37.4830012,126.91928090000002,502251,서울특별시관악구
보라매점,서울특별시 관악구 봉천로 283-1 (봉천동),서울특별시,관악구,37.487588,126.9328112,502251,서울특별시관악구
신림점,서울특별시 관악구 신림로 123 (신림동),서울특별시,관악구,37.4707467,126.9356588,502251,서울특별시관악구
구의광장점,서울특별시 광진구 광나루로 562,서울특별시,광진구,37.5440673,127.0918889,354344,서울특별시광진구
군자점,서울특별시 광진구 능동로 253 태영빌딩 1층,서울특별시,광진구,37.5527873,127.0768001,354344,서울특별시광진구
자양점,"서울특별시 광진구 아차산로 312, 101호 (자양동, 드림타운)",서울특별시,광진구,37.5377719,127.0773659,354344,서울특별시광진구
중곡점,서울특별시 광진구 용마산로 39 (중곡동),서울특별시,광진구,37.5571683,127.0876622,354344,서울특별시광진구
개봉점,"서울특별시 구로구 중앙로8길 11, 상가 104호 (고척동, 고척월드메르디앙)",서울특별시,구로구,37.502977,126.8632164,405516,서울특별시구로구
구로점,서울특별시 구로구 구로동로 218 (구로동),서울특별시,구로구,37.4980265,126.8827473,405516,서울특별시구로구
신도림점,"서울특별시 구로구 경인로61길 21 1층 103,104호 (신도림동, 신도림 크라운빌)",서울특별시,구로구,37.5076805,126.8840644,405516,서울특별시구로구
천왕점,"서울특별시 구로구 오류동 오리로 1160, 101호 (오류동)",서울특별시,구로구,37.487653,126.838264,405516,서울특별시구로구
가산점,서울특별시 금천구 가산로 146 (가산동),서울특별시,금천구,37.4783602,126.8910545,234173,서울특별시금천구
시흥점,서울특별시 금천구 독산로 3 904-21,서울특별시,금천구,37.4487566,126.9035899,234173,서울특별시금천구
공릉점,"서울특별시 노원구 화랑로 465, 101,102호 (공릉동, 엘네스트빌오피스텔)",서울특별시,노원구,37.6191506,127.0788952,539884,서울특별시노원구
당고개점,"서울특별시 노원구 덕릉로 740 (상계동, 정진빌딩)",서울특별시,노원구,37.6636595,127.0764125,539884,서울특별시노원구
상계점,서울특별시 노원구 노원로 558 (상계동),서울특별시,노원구,37.66155139999999,127.0571267,539884,서울특별시노원구
월계점,서울특별시 노원구 광운로 52 (월계동),서울특별시,노원구,37.6218963,127.0596997,539884,서울특별시노원구
중계점,"서울특별시 노원구 한글비석로8길 41, 상가 102호 (중계동, 주공6단지아파트)",서울특별시,노원구,37.6486487,127.0783625,539884,서울특별시노원구
도봉점,서울특별시 도봉구 도봉로 775 (도봉동),서울특별시,도봉구,37.67374829999999,127.0440016,337346,서울특별시도봉구
쌍문점,"서울특별시 도봉구 해등로 139 (창동, 미소애아파트)",서울특별시,도봉구,37.6561398,127.040199,337346,서울특별시도봉구
고대점,서울특별시 동대문구 안암로 82 (제기동),서울특별시,동대문구,37.5832071,127.0303032,346312,서울특별시동대문구
이문점,서울특별시 동대문구 이문로 163-1 (이문동),서울특별시,동대문구,37.60117260000001,127.0618597,346312,서울특별시동대문구
장안점,서울특별시 동대문구 한천로 95 (답십리동),서울특별시,동대문구,37.5700636,127.0642936,346312,서울특별시동대문구
전농점,"서울시 동대문구 서울시립대로 75 102동 106호(전농동, 전농동신성미소지움아파트)",서울특별시,동대문구,37.5783198,127.0486607,346312,서울특별시동대문구
홍릉점,"서울특별시 동대문구 회기로 30, 1층 (제기동)",서울특별시,동대문구,37.5910826,127.0398168,346312,서울특별시동대문구
사당점,서울특별시 동작구 사당로 261 (사당동),서울특별시,동작구,37.483792,126.976617,399118,서울특별시동작구
상도점,서울특별시 동작구 상도로 302 (상도동),서울특별시,동작구,37.50073610000001,126.9494065,399118,서울특별시동작구
중앙대점,서울특별시 동작구 현충로 136 (흑석동),서울특별시,동작구,37.506212700000006,126.968274,399118,서울특별시동작구
마포점,"서울특별시 마포구 백범로 123 (염리동, 신양빌딩)",서울특별시,마포구,37.5468195,126.9449237,374824,서울특별시마포구
망원점,서울특별시 마포구 월드컵로10길 5 (서교동),서울특별시,마포구,37.5545668,126.9120314,374824,서울특별시마포구
상암점,서울특별시 마포구 월드컵북로 336 (상암동),서울특별시,마포구,37.5760649,126.89469009999998,374824,서울특별시마포구
신촌점,"서울특별시 마포구 창전로 60, 1층 104~105호 (구수동, 서강빌딩)",서울특별시,마포구,37.5477946,126.9329072,374824,서울특별시마포구
서대문점,서울특별시 서대문구 통일로 149-1 (냉천동),서울특별시,서대문구,37.5675317,126.9646453,311586,서울특별시서대문구
연희점,서울특별시 서대문구 연희로 95 (연희동),서울특별시,서대문구,37.5666166,126.9304366,311586,서울특별시서대문구
홍제점,서울특별시 서대문구 세검정로 72 (홍제동),서울특별시,서대문구,37.5939523,126.94827990000002,311586,서울특별시서대문구
동서초점,"서울특별시 서초구 서운로 220, 1층 2,3호 (서초동, 대지스포츠플라자)",서울특별시,서초구,37.5027161,127.0217872,432336,서울특별시서초구
방배역점,"서울특별시 서초구 효령로 140 (방배동, 서진빌딩)",서울특별시,서초구,37.4814618,126.9993005,432336,서울특별시서초구
방배점,서울특별시 서초구 방배로 254 (방배동),서울특별시,서초구,37.4957797,126.9888464,432336,서울특별시서초구
서방배점,서울특별시 서초구 효령로 22 멤버스뷰,서울특별시,서초구,37.4774345,126.9875091,432336,서울특별시서초구
서초점,"서울특별시 서초구 사임당로 115 지하1층 B101,B102호",서울특별시,서초구,37.4911711,127.0223638,432336,서울특별시서초구
양재점,"서울특별시 서초구 바우뫼로 198, 1층 (양재동, 신우빌딩)",서울특별시,서초구,37.4796661,127.0412095,432336,서울특별시서초구
잠원점,"서울특별시 서초구 나루터로 61, 101호 (잠원동, 태승빌딩)",서울특별시,서초구,37.515415,127.016745,432336,서울특별시서초구
성수2호점,"서울특별시 성동구 성수일로 1, 1층 (성수동1가)",서울특별시,성동구,37.5408475,127.0478504,305785,서울특별시성동구
옥수점,"서울특별시 성동구 독서당로 212, 1층 (옥수동)",서울특별시,성동구,37.543407,127.014413,305785,서울특별시성동구
왕십리점,서울특별시 성동구 난계로 81 (하왕십리동),서울특별시,성동구,37.5592081,127.0235443,305785,서울특별시성동구
행당점,서울특별시 성동구 고산자로 308 (마장동),서울특별시,성동구,37.5670451,127.0370444,305785,서울특별시성동구
동소문점,서울특별시 성북구 아리랑로 37-2 (동소문동7가),서울특별시,성북구,37.5960958,127.0153569,439754,서울특별시성북구
정릉점,"서울특별시 성북구 보국문로 27, 1층 (정릉동)",서울특별시,성북구,37.6069787,127.0104613,439754,서울특별시성북구
가락점,서울특별시 송파구 오금로36길 65,서울특별시,송파구,37.4984666,127.12171399999998,679824,서울특별시송파구
롯데월드점,서울특별시 송파구 올림픽로 240 롯데월드 지하1층,서울특별시,송파구,37.5110794,127.0981638,679824,서울특별시송파구
석촌점,"서울특별시 송파구 백제고분로 285 (석촌동, 조광빌딩)",서울특별시,송파구,37.5027907,127.0983466,679824,서울특별시송파구
오금점,서울특별시 송파구 중대로 314-1 (오금동),서울특별시,송파구,37.508257,127.1337228,679824,서울특별시송파구
위례점,"서울시 송파구 위례광장로 290 제상가동 1층 138,139호 (장지동 위례중앙푸르지오 2단지)",서울특별시,송파구,37.4747277,127.1428384,679824,서울특별시송파구
잠실본점,서울특별시 송파구 백제고분로 184 (잠실동),서울특별시,송파구,37.5044035,127.087057,679824,서울특별시송파구
잠실야구장점,"서울특별시 송파구 올림픽로 25, 야구장내1호점 (잠실동, 서울종합운동장)",서울특별시,송파구,37.51480220000001,127.0736261,679824,서울특별시송파구
잠실점,서울특별시 송파구 백제고분로 490 거보산업(주),서울특별시,송파구,37.5139214,127.1148332,679824,서울특별시송파구
장지점,서울특별시 송파구 송이로32길 37 (문정동),서울특별시,송파구,37.486971200000006,127.1276788,679824,서울특별시송파구
목동점,"서울특별시 양천구 목동중앙로 85, 금호종합상가 (목동)",서울특별시,양천구,37.5370105,126.8715085,462126,서울특별시양천구
신월점,서울특별시 양천구 신월로 224 (신월동),서울특별시,양천구,37.5217334,126.8467273,462126,서울특별시양천구
양천점,서울특별시 양천구 신월로 371 (신정동),서울특별시,양천구,37.5224109,126.86228359999998,462126,서울특별시양천구
당산점,"서울특별시 영등포구 영중로 145, 상가동 101호 (영등포동8가, 삼환아파트)",서울특별시,영등포구,37.5295953,126.9049055,368874,서울특별시영등포구
대림점,"서울특별시 영등포구 신길로 39, 1층 (대림동, 썬프라자)",서울특별시,영등포구,37.495988,126.9078281,368874,서울특별시영등포구
대방점,서울특별시 영등포구 여의대방로 209 (신길동),서울특별시,영등포구,37.505609,126.9222742,368874,서울특별시영등포구
여의도점,"서울특별시 영등포구 국제금융로 78 (여의도동, 홍우빌딩)",서울특별시,영등포구,37.5208744,126.93130929999998,368874,서울특별시영등포구
영등포점,"서울특별시 영등포구 문래북로 108 (문래동3가, 문래동태영데시앙)",서울특별시,영등포구,37.5197002,126.8976235,368874,서울특별시영등포구
용산점,"서울특별시 용산구 원효로 210-1, 1층 (원효로2가)",서울특별시,용산구,37.5373714,126.9655087,228940,서울특별시용산구
이촌점,서울특별시 용산구 서빙고로 40 (한강로3가),서울특별시,용산구,37.5239945,126.9687497,228940,서울특별시용산구
이태원점,"서울특별시 용산구 보광로 112-3, 2층 (이태원동)",서울특별시,용산구,37.5328758,126.9946724,228940,서울특별시용산구
후암점,"서울특별시 용산구 두텁바위로 13, 102호 (갈월동, 그린빌파크오피스텔)",서울특별시,용산구,37.5455164,126.9739411,228940,서울특별시용산구
가좌점,"서울특별시 은평구 증산로 303, 상가 104~106호 (증산동, 태광아파트)",서울특별시,은평구,37.5841679,126.909566,484267,서울특별시은평구
구파발점,"서울특별시 은평구 진관4로 17, 820동 상가 101호 (진관동, 은평뉴타운상림마을)",서울특별시,은평구,37.6440574,126.9227324,484267,서울특별시은평구
연신내점,서울특별시 은평구 통일로 797 (대조동),서울특별시,은평구,37.6153384,126.9249775,484267,서울특별시은평구
은평점,서울특별시 은평구 연서로 35 (역촌동),서울특별시,은평구,37.6022741,126.915578,484267,서울특별시은평구
응암점,"서울특별시 은평구 백련산로 160 (응암동, 녹번역센트레빌)",서울특별시,은평구,37.598677,126.926119,484267,서울특별시은평구
대학로점,서울특별시 종로구 율곡로 223 (이화동),서울특별시,종로구,37.5762985,127.0036811,152495,서울특별시종로구
성균관대 인사캠(서울점),서울특별시 종로구 성균관로 25-2 지하 1층 600주년 기념관,서울특별시,종로구,37.5879535,126.9921594,152495,서울특별시종로구
세종로점,서울특별시 종로구 필운대로 43 (누하동),서울특별시,종로구,37.5799019,126.9685239,152495,서울특별시종로구
명동점,서울특별시 중구 마른내로 47 (초동),서울특별시,중구,37.5647074,126.9932319,228014,서울특별시중구
신당점,서울특별시 중구 다산로 156 (신당동),서울특별시,중구,37.5575864,127.0124888,228014,서울특별시중구
면목점,"서울특별시 중랑구 용마산로86길 9-27, 상가 104호 (면목동, 신성미소지움아파트)",서울특별시,중랑구,37.5870716,127.095859,401546,서울특별시중랑구
중랑점,"서울특별시 중랑구 망우로 377 (상봉동, 성환빌딩)",서울특별시,중랑구,37.59875460000001,127.0941497,401546,서울특별시중랑구
계양점,인천광역시 계양구 주부토로 463 (작전동),인천광역시,계양구,37.5355745,126.7277771,308685,인천광역시계양구
임학점,인천광역시 계양구 장제로 865 (임학동),인천광역시,계양구,37.54453529999999,126.7378892,308685,인천광역시계양구
용현점,"인천광역시 남구 인하로133번길 4 (용현동, 현진원룸주택)",인천광역시,남구,37.4497135,126.663004,413178,인천광역시남구
주안점,인천광역시 남구 미추홀대로 628 (주안동),인천광역시,남구,37.4533179,126.6801087,413178,인천광역시남구
간석점,인천광역시 남동구 주안로 259번길 6(간석동),인천광역시,남동구,37.4634686,126.6990062,536255,인천광역시남동구
구월점,인천광역시 남동구 문화로 111 (구월동),인천광역시,남동구,37.4490256,126.6993018,536255,인천광역시남동구
서창점,인천광역시 남동구 장아산로 130 (서창동),인천광역시,남동구,37.4393664,126.7491791,536255,인천광역시남동구
인천논현점,"인천광역시 남동구 소래역로 28, 조은프라자 112호 (논현동)",인천광역시,남동구,37.3998092,126.736029,536255,인천광역시남동구
인천만수점,"인천광역시 남동구 구월로 318, 1층 (만수동, 대성빌딩)",인천광역시,남동구,37.45528839999999,126.7258377,536255,인천광역시남동구
부평산곡점,인천광역시 부평구 마장로 168 (산곡동),인천광역시,부평구,37.4933259,126.7042542,520171,인천광역시부평구
부평점,"인천광역시 부평구 부평대로 114 (부평동, 부평타워큐아파트)",인천광역시,부평구,37.50178320000001,126.7221913,520171,인천광역시부평구
삼산점,"인천광역시 부평구 주부토로 295, 1층 (갈산동)",인천광역시,부평구,37.5209157,126.7288014,520171,인천광역시부평구
검단점,"인천광역시 서구 완정로92번길 41, 101, 102호 (마전동, 인천검단힐스테이트2차)",인천광역시,서구,37.6006563,126.6634152,542989,인천광역시서구
인천석남점,인천광역시 서구 길주로 60 (석남동),인천광역시,서구,37.506281,126.668543,542989,인천광역시서구
인천연희점,"인천광역시 서구 탁옥로 90 (심곡동, 덕산빌딩)",인천광역시,서구,37.5435717,126.6795122,542989,인천광역시서구
청라점,인천광역시 서구 청라라임로138번길 4-4 (연희동),인천광역시,서구,37.539454600000006,126.6534631,542989,인천광역시서구
송도점,인천광역시 연수구 컨벤시아대로 송도동 21-60 힐스테이트 4단지 116호,인천광역시,연수구,37.395353,126.649077,352172,인천광역시연수구
신연수점,"인천광역시 연수구 함박로91번길 4, 1층 (연수동)",인천광역시,연수구,37.4242644,126.6862588,352172,인천광역시연수구
연수점,인천광역시 연수구 용담로 93,인천광역시,연수구,37.4163483,126.6759544,352172,인천광역시연수구
옥련점,"인천광역시 연수구 청량로184번길 52 (옥련동, 삼선프라자)",인천광역시,연수구,37.4253542,126.65469,352172,인천광역시연수구
동인천역점,인천광역시 중구 참외전로 188 도미노피자,인천광역시,중구,37.4714136,126.6364623,228014,인천광역시중구
인천운서점,인천광역시 중구 모랫말로5번길 1(운서동),인천광역시,중구,37.4892402,126.4963475,228014,인천광역시중구
고양점,"경기도 고양시 덕양구 혜음로 68 (고양동, 중부대학교 근처)",경기도,고양시,37.7066061,126.9029071,1045533,경기도고양시
대화점,"경기도 고양시 일산서구 송포로 26, 117호 (대화동, 현대플라자)",경기도,고양시,37.669056,126.7332639,1045533,경기도고양시
동탄점,"경기도 화성시 동탄지성로 84, 101~102호 (반송동, PARKPLAZA)",경기도,화성시,37.2072141,127.0656814,781507,경기도화성시
마두점,"경기도 고양시 일산동구 일산로 280, 1층 (마두동, 수색상가)",경기도,고양시,37.6608284,126.7867481,1045533,경기도고양시
원당점,경기도 고양시 덕양구 고양대로 1375 (성사동),경기도,고양시,37.6546852,126.8369959,1045533,경기도고양시
일산백석점,"경기도 고양시 일산동구 강송로 170, 105~6호 (마두동, 현대프라자)",경기도,고양시,37.6539051,126.7842893,1045533,경기도고양시
장항점,"경기도 고양시 일산동구 호수로 606, B동 106~107호 (장항동, 코오롱레이크폴리스I)",경기도,고양시,37.6561481,126.7694718,1045533,경기도고양시
중산탄현점,경기도 고양시 일산서구 일중로 46 (일산동),경기도,고양시,37.6836057,126.775361,1045533,경기도고양시
행신점,"경기도 고양시 덕양구 충경로 29, 1층 (행신동)",경기도,고양시,37.6156696,126.8329457,1045533,경기도고양시
화정점,경기도 고양시 덕양구 은빛로 53 (화정동),경기도,고양시,37.63800670000001,126.833671,1045533,경기도고양시
후곡점,"경기도 고양시 일산서구 일산로 511, 1층 (일산동, 태성프라자)",경기도,고양시,37.6761466,126.7706586,1045533,경기도고양시
과천점,"경기도 과천시 새술막길 14, 1층 (중앙동, 과천농협)",경기도,과천시,37.4289764,126.990559,58218,경기도과천시
광명일직점,경기도 광명시 일직로 28 광명트리플타워 122호,경기도,광명시,37.42207379999999,126.8847318,323527,경기도광명시
광명점,"경기도 광명시 하안로 361, 한마음문화센터 (하안동)",경기도,광명시,37.4667534,126.8757057,323527,경기도광명시
철산점,경기도 광명시 시청로 32 (철산동),경기도,광명시,37.4795787,126.8641145,323527,경기도광명시
경기광주점,"경기도 광주시 역동로 47 (역동, 대복빌딩)",경기도,광주시,37.4040326,127.25651609999998,366092,경기도광주시
곤지암점,"경기도 광주시 곤지암읍 경충대로 772 (삼리, 다모아빌딩)",경기도,광주시,37.3564021,127.3248818,366092,경기도광주시
오포점,"경기도 광주시 오포읍 오포로 116, 106~107호 (능평리, 한산빌딩)",경기도,광주시,37.3437175,127.1790386,366092,경기도광주시
구리인창점,경기도 구리시 동구릉로 79 (인창동),경기도,구리시,37.6071768,127.1340702,201952,경기도구리시
구리점,"경기도 구리시 벌말로 185, 상가 110~111호 (수택동, 구리태영데시앙아파트)",경기도,구리시,37.5938694,127.1498577,201952,경기도구리시
군포점,경기도 군포시 금당로 23 (당동),경기도,군포시,37.3501204,126.9404924,275207,경기도군포시
산본점,경기도 군포시 산본로431번안길 3-7 (산본동),경기도,군포시,37.367283,126.9262244,275207,경기도군포시
고촌점,경기도 김포시 고촌읍 은행영사정로 41 (신곡리),경기도,김포시,37.60279910000001,126.7747866,429752,경기도김포시
김포구래점,경기도 김포시 김포한강9로12번길 97-10,경기도,김포시,37.6408835,126.6273092,429752,경기도김포시
김포사우점,"경기도 김포시 돌문로 95, 1층 104호 (사우동)",경기도,김포시,37.6216053,126.7132098,429752,경기도김포시
김포장기점,경기도 김포시 김포한강1로78번길 62-15 (장기동),경기도,김포시,37.6425971,126.6724027,429752,경기도김포시
김포통진점,경기도 김포시 통진읍 조강로 24 (서암리),경기도,김포시,37.6887526,126.6024115,429752,경기도김포시
남양주점,경기도 남양주시 진접읍 진건오남로 998 (연평리),경기도,남양주시,37.7093,127.18593090000002,687575,경기도남양주시
덕소점,"경기도 남양주시 와부읍 수레로 49, 104~105호 (덕소리, 마이다스빌딩)",경기도,남양주시,37.5884428,127.2167856,687575,경기도남양주시
마석점,경기도 남양주시 화도읍 마석중앙로28번길 40-1 (창현리),경기도,남양주시,37.6511963,127.3062347,687575,경기도남양주시
별내점,경기 남양주시 송산로 153 오토스퀘어 빌딩,경기도,남양주시,37.656249,127.129387,687575,경기도남양주시
호평평내점,경기도 남양주시 경춘로 1324,경기도,남양주시,37.6510883,127.2391962,687575,경기도남양주시
동두천점,경기도 동두천시 삼육사로 945 (생연동),경기도,동두천시,37.8990337,127.0546852,95375,경기도동두천시
고강원종점,경기도 부천시 오정구 역곡로 448 (고강동),경기도,부천시,37.52444600000001,126.815729,837937,경기도부천시
부천심곡점,경기도 부천시 소사구 경인로 181 (심곡본동),경기도,부천시,37.484095,126.775473,837937,경기도부천시
부천약대점,"경기도 부천시 원미구 도약로 213, 1층 (약대동)",경기도,부천시,37.510496,126.773298,837937,경기도부천시
부천옥길점,경기도 부천시 양지로 125 예품빌딩 1층,경기도,부천시,37.4717638,126.8169011,837937,경기도부천시
부천점,경기도 부천시 원미구 상일로 157 (상동),경기도,부천시,37.490803,126.759951,837937,경기도부천시
상동점,경기도 부천시 원미구 상이로39번길 7-7 (상동),경기도,부천시,37.491985,126.74383,837937,경기도부천시
소사역곡점,경기도 부천시 원미구 부일로 556 (소사동),경기도,부천시,37.484343,126.791853,837937,경기도부천시
중동점,경기도 부천시 원미구 길주로 352 (중동),경기도,부천시,37.50225,126.781601,837937,경기도부천시
미금오리점,"경기 성남시 분당구 성남대로 52 (103호, 104호)",경기도,성남시,37.3404501,127.1094051,949316,경기도성남시
서현점,"경기도 성남시 분당구 서현로 377, 거송빌딩 1층 (서현동)",경기도,성남시,37.3766178,127.13977659999998,949316,경기도성남시
성남상대원점,경기도 성남시 중원구 금상로 27,경기도,성남시,37.4385073,127.1601405,949316,경기도성남시
성남수진점,경기도 성남시 중원구 산성대로 200 (성남동),경기도,성남시,37.4369423,127.1407449,949316,경기도성남시
성남태평점,"경기도 성남시 수정구 성남대로 1276, 1층 (태평동)",경기도,성남시,37.4436468,127.1274023,949316,경기도성남시
수내정자점,"경기도 성남시 분당구 내정로113번길 4, 정자프라자 107호 (정자동)",경기도,성남시,37.3706728,127.11484009999998,949316,경기도성남시
야탑점,경기도 성남시 분당구 매화로 43,경기도,성남시,37.4114859,127.1336136,949316,경기도성남시
이매점,"경기도 성남시 분당구 성남대로779번길 22 (이매동, 이매상가)",경기도,성남시,37.399449,127.1259487,949316,경기도성남시
판교점,"경기도 성남시 분당구 서판교로 160, 106~108호 (판교동, 스타식스밸리)",경기도,성남시,37.4002582,127.0948118,949316,경기도성남시
광교점,경기도 수원시 영통구 센트럴타운로 92 (이의동),경기도,수원시,37.29178510000001,127.0511528,1198461,경기도수원시
권선점,"경기도 수원시 권선구 권선로 746 (권선동, 효명빌딩)",경기도,수원시,37.257387,127.0325387,1198461,경기도수원시
남수원점,"경기도 수원시 권선구 경수대로 349, 1층 (권선동)",경기도,수원시,37.2579266,127.0223398,1198461,경기도수원시
동수원점,경기도 수원시 팔달구 세지로 394(우만동),경기도,수원시,37.2848574,127.0284261,1198461,경기도수원시
북수원점,"경기도 수원시 장안구 송원로 8 (송죽동, 웰가아파트)",경기도,수원시,37.2963865,127.0051373,1198461,경기도수원시
서수원점,경기도 수원시 권선구 금호로 190-1 (탑동),경기도,수원시,37.27425510000001,126.9709086,1198461,경기도수원시
성균관대 자과캠(수원점),"경기도 수원시 장안구 서부로 2066, 신관기숙사B동",경기도,수원시,37.2933638,126.9746545,1198461,경기도수원시
수원삼성점,"경기도 수원시 영통구 삼성로 129, I-14호 (매탄동, 삼성전자)",경기도,수원시,37.2579356,127.0531939,1198461,경기도수원시
수원중앙점,"경기도 수원시 팔달구 매산로 46, 1층 (매산로2가)",경기도,수원시,37.268356,127.0063261,1198461,경기도수원시
신영통점,경기도 수원시 영통구 영통로112번길 30 (망포동),경기도,수원시,37.2392652,127.0566059,1198461,경기도수원시
영통점,경기도 수원시 영통구 청명로 65 (영통동),경기도,수원시,37.2531517,127.0797272,1198461,경기도수원시
율천점,"경기도 수원시 장안구 하률로 3, 1층 (천천동)",경기도,수원시,37.3032221,126.9736369,1198461,경기도수원시
배곧신도시점,"경기도 시흥시 배곧4로 32-28 (정왕동) 그랜드프라자 101,102호",경기도,시흥시,37.3781463,126.7259781,459601,경기도시흥시
시화점,경기도 시흥시 봉우재로 32 (정왕동),경기도,시흥시,37.3457027,126.7445941,459601,경기도시흥시
시흥목감점,경기도 시흥시 남왕길 48-12(목감동),경기도,시흥시,37.3826015,126.8634541,459601,경기도시흥시
시흥연성점,경기도 시흥시 승지로69번길 7 (능곡동),경기도,시흥시,37.3702589,126.8097046,459601,경기도시흥시
시흥은행점,경기도 시흥시 은행로 180 (대야동),경기도,시흥시,37.4466617,126.7976978,459601,경기도시흥시
고잔점,"경기도 안산시 단원구 광덕대로 137, 상가 101~102호 (고잔동, 밀레니엄1)",경기도,안산시,37.3088014,126.8289081,657988,경기도안산시
상록수점,경기도 안산시 상록구 석호로 225 (사동),경기도,안산시,37.293994,126.85556979999998,657988,경기도안산시
선부점,경기도 안산시 단원구 지곡로 29 (선부동),경기도,안산시,37.3373634,126.8039098,657988,경기도안산시
안산성포점,경기도 안산시 상록구 예술광장1로 94 (성포동),경기도,안산시,37.32646210000001,126.8470433,657988,경기도안산시
공도점,경기도 안성시 공도읍 공도4로 21 (만정리),경기도,안성시,37.0017847,127.1710669,183665,경기도안성시
안성금산점,경기도 안성시 대학로 84-1 (금산동),경기도,안성시,37.0157024,127.2671717,183665,경기도안성시
범계점,"경기도 안양시 동안구 평촌대로243번길 30, 1층 (비산동, 샤크존)",경기도,안양시,37.3928209,126.9530254,573296,경기도안양시
안양석수점,"경기도 안양시 만안구 경수대로 1213 (석수동, 문화빌딩)",경기도,안양시,37.4167259,126.9132493,573296,경기도안양시
안양중앙점,"경기도 안양시 만안구 만안로 284, 마인빌오피스텔 103호 (안양동, 마인빌)",경기도,안양시,37.4051282,126.919291,573296,경기도안양시
인덕원점,경기도 안양시 동안구 관악대로 407 (관양동),경기도,안양시,37.405043,126.9680164,573296,경기도안양시
평촌점,"경기도 안양시 동안구 귀인로 198, 베스트타운 101호 (평촌동)",경기도,안양시,37.3854506,126.96116,573296,경기도안양시
양주고읍점,경기도 양주시 고읍로 151 현대빌딩 1층,경기도,양주시,37.7926531,127.08667959999998,219789,경기도양주시
양주점,경기도 양주시 독바위로 36-1 (덕정동),경기도,양주시,37.837924,127.06246509999998,219789,경기도양주시
양평점,"경기도 양평군 양평읍 시민로 92-1, 원재빌딩 1층 (공흥리)",경기도,양평군,37.4904562,127.5019206,116084,경기도양평군
여주점,경기도 여주시 세종로 32 (홍문동),경기도,여주시,37.2949679,127.6360338,111143,경기도여주시
여주점,경기도 여주시 세종로 32 (홍문동),경기도,여주시,37.2949679,127.6360338,111143,경기도여주시
오산세교점,경기도 오산시 수청로 18 (수청동),경기도,오산시,37.1716515,127.0589533,220081,경기도오산시
오산원동점,"경기도 오산시 원동로 6, 102호 (원동, 파크스퀘어)",경기도,오산시,37.1420396,127.0696206,220081,경기도오산시
구성점,"경기도 용인시 기흥구 용구대로 2440, 1층 (마북동)",경기도,용인시,37.3035766,127.1061865,1042229,경기도용인시
동백점,"경기도 용인시 기흥구 동백중앙로 265, 더엠빌딩 1층 101호 (중동)",경기도,용인시,37.2764085,127.1526295,1042229,경기도용인시
수지상현점,"경기도 용인시 수지구 성복2로 17, 1층 (성복동, 수지골드프라자)",경기도,용인시,37.3108347,127.0811963,1042229,경기도용인시
수지신봉점,"경기도 용인시 수지구 신봉1로 84 (신봉동, 상록신봉종합상가)",경기도,용인시,37.3237066,127.0764432,1042229,경기도용인시
수지점,"경기도 용인시 수지구 문인로13번길 21-2 (풍덕천동, 도미노피자)",경기도,용인시,37.3310384,127.1014831,1042229,경기도용인시
신갈점,"경기도 용인시 기흥구 금화로 3, 주공프라자 110호 (상갈동)",경기도,용인시,37.2617033,127.1046685,1042229,경기도용인시
용인점,"경기도 용인시 처인구 금령로12번길 6-1 1층(김량장동, 도미노피자)",경기도,용인시,37.2339702,127.1977246,1042229,경기도용인시
용인포곡점,"경기도 용인시 처인구 포곡읍 포곡로 80 (둔전리, 청석빌딩)",경기도,용인시,37.2677625,127.2149345,1042229,경기도용인시
죽전점,"경기도 용인시 수지구 현암로 111, 1층 104호 (죽전동)",경기도,용인시,37.3319648,127.1217038,1042229,경기도용인시
흥덕점,경기도 용인시 기흥구 흥덕1로 97 (영덕동),경기도,용인시,37.2748192,127.0733512,1042229,경기도용인시
내손점,경기도 의왕시 복지로 56 (내손동),경기도,의왕시,37.38350250000001,126.9781568,157090,경기도의왕시
의왕오전점,경기도 의왕시 효행로 54 (오전동),경기도,의왕시,37.3520393,126.9723534,157090,경기도의왕시
송산점,경기도 의정부시 용현로 97,경기도,의정부시,37.7413859,127.0868668,450332,경기도의정부시
의정부가능점,"경기도 의정부시 평화로 640, 105동 101호 (의정부동, 한진그랑빌)",경기도,의정부시,37.7491192,127.0453147,450332,경기도의정부시
의정부호원점,"경기도 의정부시 평화로 271-9, 상가동 110~111호 (호원동, 신도아파트)",경기도,의정부시,37.7158987,127.0467248,450332,경기도의정부시
이천부발점,경기도 이천시 부발읍 경충대로2050번길 15-88 1층,경기도,이천시,37.2521292,127.4922905,214814,경기도이천시
이천창전점,경기도 이천시 영창로 228 (창전동),경기도,이천시,37.2805956,127.44773909999998,214814,경기도이천시
금촌점,경기도 파주시 시청로 21 (금촌동),경기도,파주시,37.7589305,126.7759552,453366,경기도파주시
문산점,"경기도 파주시 문산읍 문산역로 75 (문산리, 삼문빌딩)",경기도,파주시,37.85295770000001,126.7867699,453366,경기도파주시
파주교하점,"경기도 파주시 숲속노을로 265, 105~106호 (문발동, 토우프라자)",경기도,파주시,37.7241144,126.71119640000002,453366,경기도파주시
파주운정점,"경기도 파주시 경의로 1114(야당동) 에펠타워 103,104호",경기도,파주시,37.7166199,126.7603961,453366,경기도파주시
송탄점,경기도 평택시 경기대로 1385 (서정동),경기도,평택시,37.0687478,127.06388359999998,500787,경기도평택시
안중점,경기도 평택시 안중읍 안현로 372,경기도,평택시,36.9832973,126.9294294,500787,경기도평택시
팽성점,"경기도 평택시 부용로 56번길 29, 1층",경기도,평택시,36.9632261,127.0634917,500787,경기도평택시
평택비전점,경기도 평택시 평택2로 118 (비전동),경기도,평택시,36.9996847,127.09483459999998,500787,경기도평택시
평택소사벌점,경기도 평택시 평남로 1025 (동삭동),경기도,평택시,37.0094901,127.0974453,500787,경기도평택시
포천송우점,경기도 포천시 소흘읍 솔모루로 114 (송우리),경기도,포천시,37.8310206,127.1492564,149603,경기도포천시
포천시청점,경기도 포천시 중앙로 24 (신읍동),경기도,포천시,37.889766,127.1970306,149603,경기도포천시
하남미사점,경기도 하남시 미사강변서로 30,경기도,하남시,37.5529868,127.184501,262261,경기도하남시
발안향남점,경기도 화성시 향남읍 삼천병마로 275 (진천동),경기도,화성시,37.137697,126.9123541,781507,경기도화성시
병점점,"경기도 화성시 병점중앙로 156 (진안동, 드림빌딩)",경기도,화성시,37.2116985,127.038552,781507,경기도화성시
봉담점,경기도 화성시 봉담읍 동화역말길 29-13 (동화리),경기도,화성시,37.2155809,126.962779,781507,경기도화성시
신동탄점,경기도 화성시 동탄순환대로 708,경기도,화성시,37.2079972,127.1104235,781507,경기도화성시
화성남양점,"경기도 화성시 남양읍 남양시장로 105, 덕왕빌딩 101호(남양리)",경기도,화성시,37.2110236,126.8205173,781507,경기도화성시
강릉점,강원도 강릉시 성덕포남로 169 (포남동),강원도,강릉시,37.7670431,128.9097154,213106,강원도강릉시
동해점,강원도 동해시 감추로 42 (천곡동),강원도,동해시,37.5160242,129.12352090000002,90808,강원도동해시
삼척점,강원도 삼척시 중앙로 264 (당저동),강원도,삼척시,37.4468102,129.1676326,68053,강원도삼척시
속초점,강원도 속초시 온천로 287,강원도,속초시,38.1930812,128.5738656,81497,강원도속초시
영월점,강원도 영월군 영월읍 하송로 138,강원도,영월군,37.1777104,128.4572915,39440,강원도영월군
문막점,강원도 원주시 문막읍 원문로 1832 (문막리),강원도,원주시,37.30985379999999,127.8183332,345712,강원도원주시
원주명륜점,강원도 원주시 남원로 623 (명륜동),강원도,원주시,37.3389402,127.9515914,345712,강원도원주시
원주점,강원도 원주시 천사로 155-1 (일산동),강원도,원주시,37.3494297,127.9416188,345712,강원도원주시
원주혁신점,강원도 원주시 미래로 37 1층 104호,강원도,원주시,37.3270545,127.98766709999998,345712,강원도원주시
인제원통점,강원도 인제군 인제읍 인제로206번길 38,강원도,인제군,38.0664054,128.1751527,31902,강원도인제군
철원점,강원도 철원군 갈말읍 삼부연로7번길 6 (신철원리),강원도,철원군,38.1454139,127.3088388,45840,강원도철원군
춘천석사점,강원도 춘천시 공지로 220 (효자동),강원도,춘천시,37.8630323,127.73938390000002,280098,강원도춘천시
춘천후평점,강원도 춘천시 춘천로 247 (효자동),강원도,춘천시,37.8792414,127.7410025,280098,강원도춘천시
태백점,강원도 태백시 황지로 36,강원도,태백시,37.16194539999999,128.9910088,44415,강원도태백시
알펜시아점,"강원도 평창군 대관령면 솔봉로 325, 101동 (용산리, 알펜시아리조트)",강원도,평창군,37.6574511,128.6743436,42435,강원도평창군
휘닉스파크점,"강원도 평창군 봉평면 태기로 174 (면온리, 보광휘닉스파크)",강원도,평창군,37.5800555,128.3196196,42435,강원도평창군
대명비발디파크점,"강원도 홍천군 서면 한치골길 262, 오크동 지하상가 (팔봉리, 대명비발디파크)",강원도,홍천군,37.6407877,127.6876316,69646,강원도홍천군
홍천점,강원도 홍천군 홍천읍 홍천로 327 (희망리),강원도,홍천군,37.68861029999999,127.8817293,69646,강원도홍천군
횡성점,강원 횡성군 횡성읍 문정로 57 (읍상리 306-1),강원도,횡성군,37.488473,127.9895559,46767,강원도횡성군
계룡점,"충청남도 계룡시 엄사면 번영로 12, 1층 103호 (엄사리, 계룡오피스텔)",충청남도,계룡시,36.2882739,127.2437668,43378,충청남도계룡시
공주점,충청남도 공주시 신관로 31 (신관동),충청남도,공주시,36.4706991,127.13195729999998,107036,충청남도공주시
논산점,충청남도 논산시 중앙로 219 (내동),충청남도,논산시,36.1874079,127.1015565,120005,충청남도논산시
당진점,"충청남도 당진시 무수동로 230 (읍내동, 도미노피자)",충청남도,당진시,36.8957354,126.6373496,167481,충청남도당진시
대천점,충청남도 보령시 작은오랏1길 27 (동대동),충청남도,보령시,36.3463463,126.6029968,101549,충청남도보령시
서산점,충청남도 서산시 안견로 274,충청남도,서산시,36.7774268,126.4531666,174344,충청남도서산시
서산테크노밸리점,충청남도 서산시 성연면 성연4로 27-28 유림빌딩 1층,충청남도,서산시,36.8234184,126.4499654,174344,충청남도서산시
배방점,"충청남도 아산시 배방읍 북수서로 35, 동현빌딩 105호 (북수리)",충청남도,아산시,36.7738106,127.069135,313537,충청남도아산시
아산온양점,충청남도 아산시 온천대로 1385 (방축동),충청남도,아산시,36.7843146,126.9923095,313537,충청남도아산시
성정점,"충청남도 천안시 서북구 서부대로 578, 1층 (성정동, 우정주택)",충청남도,천안시,36.8186812,127.1314294,649107,충청남도천안시
천안성성점,충청남도 천안시 서북구 한들1로 152-60,충청남도,천안시,36.8347638,127.1203416,649107,충청남도천안시
천안신방점,충청남도 천안시 신촌로 41,충청남도,천안시,36.7880677,127.1231495,649107,충청남도천안시
천안쌍용점,"충청남도 천안시 서북구 불당5길 19 (불당동, 다리타운빌딩)",충청남도,천안시,36.8031671,127.1093737,649107,충청남도천안시
천안원성점,"충청남도 천안시 동남구 충절로 128, 원흥빌딩 1층 (원성동)",충청남도,천안시,36.8074816,127.1582905,649107,충청남도천안시
천안청당점,충청남도 천안시 동남구 광풍로 1863 (청당동),충청남도,천안시,36.784688,127.1459794,649107,충청남도천안시
홍성내포점,충청남도 홍성군 홍북읍 충남대로 140 SFC타워 101호,충청남도,홍성군,36.656101,126.6862649,101037,충청남도홍성군
홍성점,충청남도 홍성군 홍성읍 홍성천길 318 (대교리),충청남도,홍성군,36.6039061,126.6709357,101037,충청남도홍성군
음성금왕점,충청북도 음성군 금왕읍 무극로 200 (무극리),충청북도,음성군,36.9906599,127.5839693,95375,충청북도음성군
충북혁신점,충북 음성군 맹동면 두레로 23,충청북도,음성군,36.9118524,127.5478477,95375,충청북도음성군
제천점,충청북도 제천시 용두천로 140 (교동),충청북도,제천시,37.1395295,128.214488,135243,충청북도제천시
증평점,충청북도 증평군 증평읍 중앙로 179 (창동리),충청북도,증평군,36.7825344,127.5792267,37378,충청북도증평군
오송점,"충청북도 청주시 흥덕구 오송읍 오송생명로 208-9, 102호 (만수리, 리움오피스텔)",충청북도,청주시,36.6301521,127.3323259,838887,충청북도청주시
오창점,충청북도 청주시 청원구 오창읍 과학산업2로 363 (양청리),충청북도,청주시,36.7149448,127.4220088,838887,충청북도청주시
상당점,"충청북도 청주시 청원구 공항로 101, 1층 103호 (율량동, 은곡빌딩)",충청북도,청주시,36.6661958,127.48609240000002,838887,충청북도청주시
청주가경점,충청북도 청주시 흥덕구 2순환로 1270 (가경동),충청북도,청주시,36.6230076,127.4318711,838887,충청북도청주시
청주산남점,충청북도 청주시 서원구 구룡산로 237,충청북도,청주시,36.6160999,127.4715485,838887,충청북도청주시
청주용암점,충청북도 청주시 상당구 단재로 123 (영운동),충청북도,청주시,36.6184271,127.498204,838887,충청북도청주시
청주충북대점,충청북도 청주시 서원구 1순환로 684 (사창동),충청북도,청주시,36.6326248,127.4606102,838887,충청북도청주시
충주점,충청북도 충주시 갱고개로 175-1 (연수동),충청북도,충주시,36.9866396,127.9390138,210463,충청북도충주시
송촌점,대전광역시 대덕구 계족산로 25 (중리동),대전광역시,대덕구,36.3621824,127.43438770000002,180249,대전광역시대덕구
신탄진점,대전광역시 대덕구 신탄진로 800-1 (신탄진동),대전광역시,대덕구,36.4489978,127.4295343,180249,대전광역시대덕구
가오점,대전광역시 동구 은어송로 75 (가오동),대전광역시,동구,36.3073946,127.4570614,229309,대전광역시동구
대전대동점,대전광역시 동구 계족로 194-37 (대동),대전광역시,동구,36.3310189,127.4436953,229309,대전광역시동구
대전도안점,대전광역시 서구 도안동로 31번길 11-15,대전광역시,서구,36.3071351,127.351949,481763,대전광역시서구
대전용문점,"대전광역시 서구 도산로 335, 1층 (용문동)",대전광역시,서구,36.3354307,127.3891348,481763,대전광역시서구
대전월평점,"대전광역시 서구 월평로 69, 1층 (월평동)",대전광역시,서구,36.3563425,127.3649263,481763,대전광역시서구
둔산점,대전광역시 서구 문정로 170 (둔산동),대전광역시,서구,36.3494265,127.3954738,481763,대전광역시서구
대덕점,"대전광역시 유성구 와룡로 3, 비씨엠빌딩 1층 (송강동)",대전광역시,유성구,36.4284656,127.3854991,349868,대전광역시유성구
대전노은점,대전광역시 유성구 노은동로240번길 67 (지족동),대전광역시,유성구,36.383159,127.3208705,349868,대전광역시유성구
유성점,대전광역시 유성구 어은로 44 (어은동),대전광역시,유성구,36.362357,127.3575697,349868,대전광역시유성구
대전유천점,대전광역시 중구 계백로 1606-1,대전광역시,중구,36.3184285,127.3985825,228014,대전광역시중구
거제고현점,경상남도 거제시 거제중앙로 1808-1 1충,경상남도,거제시,34.8801675,128.6275101,248856,경상남도거제시
거제수양점,"경상남도 거제시 해명로 22-10, 1층101호 (수월동)",경상남도,거제시,34.8945605,128.6422366,248856,경상남도거제시
옥포아주점,경상남도 거제시 거제대로 3587,경상남도,거제시,34.878286,128.69388600000002,248856,경상남도거제시
장승포점,"경상남도 거제시 능포로 108, 102동 106호 (능포동, 동헌하이츠)",경상남도,거제시,34.873171500000005,128.7309428,248856,경상남도거제시
거창점,경상남도 거창군 거창읍 중앙로 182 (대동리),경상남도,거창군,35.6882013,127.9182875,62676,경상남도거창군
김해내동점,"경상남도 김해시 금관대로 1340, 1층 (내동)",경상남도,김해시,35.2425638,128.86508940000002,536707,경상남도김해시
김해어방점,"경상남도 김해시 인제로 146, 1층 (어방동)",경상남도,김해시,35.2416984,128.9041922,536707,경상남도김해시
김해율하점,경상남도 김해시 율하2로 122 122,경상남도,김해시,35.1691975,128.814118,536707,경상남도김해시
김해진영점,"경상남도 김해시 진영읍 장등로19번길 85, 1층 (진영리)",경상남도,김해시,35.3101345,128.7271599,536707,경상남도김해시
장유점,경상남도 김해시 능동로 15-1 (삼문동),경상남도,김해시,35.1962339,128.79526529999998,536707,경상남도김해시
마산교방점,경남 마산시 합포구 북성로 48 (상남동),경상남도,마산시,35.211643,128.572152,180053,경상남도마산시
마산내서점,"경상남도 창원시 마산회원구 내서읍 경남대로 987-1 (삼계리, 도미노피자)",경상남도,창원시,35.2383244,128.50392490000002,1049897,경상남도창원시
마산산호점,경상남도 창원시 마산합포구 합포로 242 (산호동),경상남도,창원시,35.2188311,128.5873172,1049897,경상남도창원시
마산월영점,경상남도 마산시 마산합포구 월영남로 2,경상남도,마산시,35.178599,128.55818,180053,경상남도마산시
밀양점,경상남도 밀양시 백민로1길 1 (내이동),경상남도,밀양시,35.49318560000001,128.74793229999997,106240,경상남도밀양시
사천점,경상남도 사천시 사천읍 진삼로 1389 (사주리),경상남도,사천시,35.0758326,128.0838764,112975,경상남도사천시
양산범어점,경상남도 양산시 물금읍 범구로 42 (범어리),경상남도,양산시,35.3259291,129.0151981,349925,경상남도양산시
양산웅상점,경상남도 양산시 웅상대로 1257 (삼호동),경상남도,양산시,35.4103125,129.1646413,349925,경상남도양산시
양산중부점,경상남도 양산시 양산역로 103 (중부동),경상남도,양산시,35.3385181,129.0291217,349925,경상남도양산시
진주경상대점,경상남도 진주시 진주대로 624-4 (가좌동),경상남도,진주시,35.1620786,128.1068926,346678,경상남도진주시
진주교대점,경상남도 진주시 진양호로 392 (신안동),경상남도,진주시,35.1872549,128.0703278,346678,경상남도진주시
진주초전점,경상남도 진주시 대신로 476,경상남도,진주시,35.2031362,128.116313,346678,경상남도진주시
진해용원점,경상남도 창원시 진해구 용원로 55 (용원동),경상남도,창원시,35.0995602,128.8153182,1049897,경상남도창원시
진해충무점,"경상남도 창원시 진해구 충장로 164 (충무동, 도미노피자)",경상남도,창원시,35.1519093,128.66999209999997,1049897,경상남도창원시
창원반송점,경상남도 창원시 성산구 반송로 44-1,경상남도,창원시,35.24103289999999,128.6619628,1049897,경상남도창원시
창원북면점,경상남도 창원시 의창구 북면 천주로 603(화천리),경상남도,창원시,35.3096663,128.6018854,1049897,경상남도창원시
창원상남점,"경상남도 창원시 성산구 마디미동로 58, 103호 (상남동, 골든벨II빌딩)",경상남도,창원시,35.2191748,128.6831921,1049897,경상남도창원시
창원성주점,"경상남도 창원시 성산구 삼정자로72번길 29-1 (성주동, 창원 LAIM PLAZA 빌딩)",경상남도,창원시,35.1951048,128.7141209,1049897,경상남도창원시
창원소답점,경상남도 창원시 의창구 의안로2번길 5,경상남도,창원시,35.2618999,128.6242808,1049897,경상남도창원시
통영서호점,경상남도 통영시 중앙로 100-1 (서호동),경상남도,통영시,34.841934,128.4201247,132676,경상남도통영시
통영죽림점,"경상남도 통영시 광도면 신죽2길 4 (죽림리, 위너스빌딩)",경상남도,통영시,34.87674439999999,128.4187743,132676,경상남도통영시
경산사동점,경상북도 경산시 원효로 202(사동),경상북도,경산시,35.81857,128.758216,261087,경상북도경산시
경산중방점,경상북도 경산시 경안로 249 (중방동),경상북도,경산시,35.82960720000001,128.7355719,261087,경상북도경산시
하양점,경상북도 경산시 하양읍 대경로 657 (금락리),경상북도,경산시,35.9080368,128.8133828,261087,경상북도경산시
경주보문점,"경상북도 경주시 보문로 549, 보문프라자 104호 (천군동)",경상북도,경주시,35.8354851,129.28482549999998,256426,경상북도경주시
경주성건점,"경상북도 경주시 금성로395번길 3 (성건동, 서라벌빌딩)",경상북도,경주시,35.8529046,129.2066035,256426,경상북도경주시
구미도량점,경상북도 구미시 야은로 413 (도량동),경상북도,구미시,36.1371808,128.3281804,420294,경상북도구미시
구미상모점,경상북도 구미시 상모로 29 (상모동),경상북도,구미시,36.0892394,128.3534418,420294,경상북도구미시
구미옥계점,경상북도 구미시 옥계북로 86 (옥계동),경상북도,구미시,36.1381114,128.4270469,420294,경상북도구미시
구미인동점,경상북도 구미시 삼일로 12 (진평동),경상북도,구미시,36.1059642,128.4177843,420294,경상북도구미시
김천성내점,경상북도 김천시 자산로 188-1 (성내동),경상북도,김천시,36.127080600000006,128.118312,141397,경상북도김천시
김천혁신점,"경상북도 김천시 혁신6로 63 106호,107호",경상북도,김천시,36.1242988,128.1887499,141397,경상북도김천시
문경점촌점,경상북도 문경시 모전로 108 (모전동),경상북도,문경시,36.5909787,128.1894988,71939,경상북도문경시
상주서문점,경상북도 상주시 삼백로 120 (서문동),경상북도,상주시,36.4183093,128.156794,100051,경상북도상주시
안동점,경상북도 안동시 경동로 638 (천리동),경상북도,안동시,36.563050200000006,128.727665,160737,경상북도안동시
영주점,"경상북도 영주시 구성로 325 (영주동, 도미노피자)",경상북도,영주시,36.82143129999999,128.62502279999998,106100,경상북도영주시
영천점,경상북도 영천시 망정1길 4 (망정동) 망정동 175-15,경상북도,영천시,35.975433,128.9485571,101360,경상북도영천시
경북신도청점,경북 예천군 호명면 수변로 125 (서진타워) 106호,경상북도,예천군,36.5746583,128.4867666,54290,경상북도예천군
왜관점,경상북도 칠곡군 왜관읍 중앙로 109 (왜관리),경상북도,칠곡군,35.98462429999999,128.398547,118389,경상북도칠곡군
포항시청점,경상북도 포항시 남구 대이로 68,경상북도,포항시,36.0212112,129.3406852,509064,경상북도포항시
포항오천점,"경상북도 포항시 남구 오천읍 냉천로 354, 1층 (문덕리, 세은빌딩)",경상북도,포항시,35.96337910000001,129.40772900000002,509064,경상북도포항시
포항장량점,경상북도 포항시 북구 새천년대로1249번길 46 (장성동),경상북도,포항시,36.0773638,129.380864,509064,경상북도포항시
포항죽도점,경상북도 포항시 북구 양학천로 179-1 (죽도동),경상북도,포항시,36.0279409,129.3644438,509064,경상북도포항시
포항학산점,경상북도 포항시 북구 학산로 65-1 65-1 (학산동),경상북도,포항시,36.0501782,129.3694591,509064,경상북도포항시
봉덕점,대구광역시 남구 봉덕로 66 (봉덕동),대구광역시,남구,35.8446432,128.5976661,148682,대구광역시남구
대구성서점,대구광역시 달서구 이곡공원로1길 108,대구광역시,달서구,35.8557184,128.5087471,571682,대구광역시달서구
대구용산점,대구광역시 달서구 달구벌대로 1565 (죽전동),대구광역시,달서구,35.8509123,128.5378081,571682,대구광역시달서구
상인점,대구광역시 달서구 월배로 52,대구광역시,달서구,35.8131751,128.52034890000002,571682,대구광역시달서구
월성점,"대구광역시 달서구 학산로7길 27, 상가 101호 (월성동, 월성보성타운2단지)",대구광역시,달서구,35.8305018,128.5299955,571682,대구광역시달서구
대구다사점,대구광역시 달성군 다사읍 왕선로 54 (매곡리),대구광역시,달성군,35.8642833,128.464506,253800,대구광역시달성군
대구현풍점,"대구광역시 달성군 현풍면 테크노대로 24, 1층 108,109호(테크노플라자1)",대구광역시,달성군,35.6887178,128.4495901,253800,대구광역시달성군
대구화원점,대구광역시 달성군 화원읍 명천로 255,대구광역시,달성군,35.79786170000001,128.49124890000002,253800,대구광역시달성군
대구이시아폴리스점,"대구광역시 동구 팔공로 241 1층 111호, 112호(봉무동)",대구광역시,동구,35.92052279999999,128.6405025,348825,대구광역시동구
대구효목점,대구광역시 동구 동부로 204,대구광역시,동구,35.878395899999994,128.6344339,348825,대구광역시동구
반야월점,대구광역시 동구 경안로 799,대구광역시,동구,35.8734943,128.71360790000003,348825,대구광역시동구
산격점,대구광역시 북구 동북로 138-1 (산격동),대구광역시,북구,35.9006167,128.6081746,439093,대구광역시북구
칠곡점,대구광역시 북구 구암로 139-1 (동천동),대구광역시,북구,35.93205039999999,128.55629380000002,439093,대구광역시북구
침산점,"대구광역시 북구 침산남로 165-2, 1층 (침산동)",대구광역시,북구,35.8878599,128.5940263,439093,대구광역시북구
대구시지점,대구광역시 수성구 달구벌대로 3076 (시지동),대구광역시,수성구,35.8426876,128.6936119,431613,대구광역시수성구
만촌점,"대구광역시 수성구 무열로 113-1, 1층",대구광역시,수성구,35.86849390000001,128.648819,431613,대구광역시수성구
범어점,"대구광역시 수성구 동대구로 240, 상가 106호 (범어동, 청구푸른마을아파트)",대구광역시,수성구,35.8520599,128.62653229999998,431613,대구광역시수성구
지산범물점,"대구광역시 수성구 지범로 43-11, 1층 (지산동)",대구광역시,수성구,35.8269749,128.6269919,431613,대구광역시수성구
대구대봉점,대구광역시 중구 동덕로 86 (대봉동),대구광역시,중구,35.86239660000001,128.6033002,228014,대구광역시중구
대구중앙점,대구광역시 중구 달구벌대로 1965 (대신동),대구광역시,중구,35.8642295,128.5791547,228014,대구광역시중구
광양점,전라남도 광양시 사동로 93-1 (중동),전라남도,광양시,34.9477961,127.6874934,152104,전라남도광양시
나주점,전라남도 나주시 나주로 208 (성북동),전라남도,나주시,35.0349529,126.7218879,114815,전라남도나주시
목포북항점,전라남도 목포시 청호로 175,전라남도,목포시,34.8061926,126.3731851,230930,전라남도목포시
목포하당점,전라남도 목포시 백년대로 393,전라남도,목포시,34.8084031,126.4291684,230930,전라남도목포시
무안남악점,전라남도 무안군 삼향읍 남악5로72번길 24 (남악리),전라남도,무안군,34.8117632,126.4737601,81808,전라남도무안군
순천조례점,전라남도 순천시 이수로 284 (조례동),전라남도,순천시,34.9518727,127.5154912,280361,전라남도순천시
순천중앙점,전라남도 순천시 중앙로 181 (매곡동),전라남도,순천시,34.9620072,127.4841793,280361,전라남도순천시
여수문수점,전라남도 여수시 문수로 76 (문수동),전라남도,여수시,34.7536739,127.7035616,282946,전라남도여수시
여천점,전라남도 여수시 도원로 277 (학동),전라남도,여수시,34.7615055,127.6615607,282946,전라남도여수시
군산점,"전라북도 군산시 백토로 142, A동 101호 (나운동)",전라북도,군산시,35.9665278,126.7054532,271781,전라북도군산시
김제점,전라북도 김제시 동서로 284,전라북도,김제시,35.8034225,126.8977658,84734,전라북도김제시
남원점,전라북도 남원시 용성로 166 1층,전라북도,남원시,35.41325820000001,127.3927807,82095,전라북도남원시
완주점,전라북도 완주군 봉동읍 과학로 997 1동 1층 103호,전라북도,완주군,35.9580609,127.1253557,93382,전라북도완주군
익산모현점,전라북도 익산시 군익로 499 (송학동),전라북도,익산시,35.9420291,126.9404678,291001,전라북도익산시
익산영등점,전라북도 익산시 고봉로 18길 1(영등동),전라북도,익산시,35.9533393,126.9694317,291001,전라북도익산시
전주금암점,"전라북도 전주시 덕진구 백제대로 658 (금암동, 도미노피자)",전라북도,전주시,35.8428999,127.1411767,653694,전라북도전주시
전주서신점,전라북도 전주시 완산구 전룡로 30 (서신동),전라북도,전주시,35.8263013,127.1165438,653694,전라북도전주시
전주송천점,전라북도 전주시 덕진구 송천중앙로 56 (송천동1가),전라북도,전주시,35.8520977,127.120153,653694,전라북도전주시
전주인후점,전라북도 전주시 덕진구 견훤로 146 (인후동1가),전라북도,전주시,35.8251652,127.1615406,653694,전라북도전주시
전주혁신점,전라북도 전주시 완산구 기지로 82 대방빌딩 102호,전라북도,전주시,35.838327,127.06113500000001,653694,전라북도전주시
전주효자점,"전라북도 전주시 완산구 백제대로 133 (효자동1가, 도미노피자)",전라북도,전주시,35.8047508,127.1232504,653694,전라북도전주시
정읍점,전라북도 정읍시 우암로 88 (장명동),전라북도,정읍시,35.5663849,126.8605626,111535,전라북도정읍시
광주광산점,광주광역시 광산구 목련로 138 (월곡동),광주광역시,광산구,35.1717096,126.8128497,406384,광주광역시광산구
광주송정점,광주광역시 광산구 상무대로 305 (소촌동),광주광역시,광산구,35.143796,126.7990448,406384,광주광역시광산구
광주첨단점,"광주광역시 광산구 월계로 217, 105호 (쌍암동, 쌍암동첨단프라자)",광주광역시,광산구,35.21365729999999,126.8493554,406384,광주광역시광산구
광주주월점,"광주광역시 남구 봉선로 2, 1층 (주월동, 창신빌딩)",광주광역시,남구,35.1326944,126.901699,217949,광주광역시남구
광주진월점,광주광역시 남구 효덕로 310 1층,광주광역시,남구,35.1110935,126.8963756,217949,광주광역시남구
광주금남로점,광주광역시 동구 중앙로 214 (궁동),광주광역시,동구,35.1516508,126.9175465,95743,광주광역시동구
광주문흥점,광주광역시 북구 서하로 339 (문흥동),광주광역시,북구,35.18704279999999,126.9176845,436188,광주광역시북구
광주양산점,광주광역시 북구 하서로 344 (양산동),광주광역시,북구,35.2057527,126.8737675,436188,광주광역시북구
광주운암점,"광주광역시 북구 서암대로 25, 1층 (운암동)",광주광역시,북구,35.1730489,126.8877123,436188,광주광역시북구
광주금호점,광주광역시 서구 운천로 117 1층,광주광역시,서구,35.1430481,126.85745959999998,301909,광주광역시서구
광주화정점,광주광역시 서구 상무대로 1070 (화정동),광주광역시,서구,35.1521695,126.87900659999998,301909,광주광역시서구
울산공업탑점,울산광역시 남구 수암로 6 (신정동),울산광역시,남구,35.5317971,129.3087194,226713,울산광역시남구
울산달동점,울산광역시 남구 번영로 98 (달동),울산광역시,남구,35.5344179,129.32975459999997,226713,울산광역시남구
울산무거점,울산광역시 남구 삼호로 3 (무거동),울산광역시,남구,35.550007,129.2646835,226713,울산광역시남구
울산삼산점,"울산광역시 남구 돋질로 246, 1층 (달동)",울산광역시,남구,35.543054,129.3319639,226713,울산광역시남구
울산전하점,울산광역시 동구 방어진순환도로 735 (전하동),울산광역시,동구,35.5075449,129.42976140000002,161582,울산광역시동구
울산호계점,울산광역시 북구 동대로 69-1 (호계동),울산광역시,북구,35.62928690000001,129.3590592,213854,울산광역시북구
울산화봉점,울산광역시 북구 화봉로 143 (연암동),울산광역시,북구,35.5838815,129.3702241,213854,울산광역시북구
언양점,"울산광역시 울주군 언양읍 북문5길 7, 2호 (신화빌라)",울산광역시,울주군,35.5705601,129.1250175,222191,울산광역시울주군
울산범서점,울산광역시 울주군 범서읍 대리로 105 (구영리),울산광역시,울주군,35.5657089,129.2495152,222191,울산광역시울주군
울산온산점,울산광역시 울주군 온산읍 신경3길 55 (덕신리),울산광역시,울주군,35.4304216,129.3068874,222191,울산광역시울주군
울산병영점,울산광역시 중구 평산1길 2 (약사동),울산광역시,중구,35.5676686,129.34124939999998,228014,울산광역시중구
울산성안점,울산광역시 중구 성안로 134,울산광역시,중구,35.5726454,129.31499820000002,228014,울산광역시중구
명지점,"부산광역시 강서구 명지오션시티10로 16, 201호 (명지동, 퀸덤1차링컨타운)",부산광역시,강서구,35.085581899999994,128.8976538,126333,부산광역시강서구
구서점,부산광역시 금정구 금강로 433 (구서동),부산광역시,금정구,35.2462193,129.0885672,241986,부산광역시금정구
부산대점,부산광역시 금정구 금정로 54,부산광역시,금정구,35.22936989999999,129.0864033,241986,부산광역시금정구
기장점,부산광역시 기장군 기장읍 차성동로154번길 2 (교리),부산광역시,기장군,35.2514374,129.2175396,165024,부산광역시기장군
정관점,부산광역시 기장군 정관면 용수로 23 (용수리),부산광역시,기장군,35.325738,129.1783196,165024,부산광역시기장군
대연점,부산광역시 남구 수영로 256 (대연동),부산광역시,남구,35.1351285,129.09457369999998,278270,부산광역시남구
용호점,부산광역시 남구 용호로 64 (용호동),부산광역시,남구,35.125614899999995,129.1106352,278270,부산광역시남구
동래점,"부산광역시 동래구 아시아드대로 203 (온천동, 도미노피자)",부산광역시,동래구,35.20248789999999,129.06565940000002,267567,부산광역시동래구
충렬사역점,부산광역시 동래구 반송로 217,부산광역시,동래구,35.200298,129.0976062,267567,부산광역시동래구
부산개금점,"부산광역시 부산진구 가야대로 467, 1층 (개금동)",부산광역시,부산진구,35.15352360000001,129.02315359999997,359247,부산광역시부산진구
서면점,부산광역시 부산진구 전포대로 195 (전포동),부산광역시,부산진구,35.154131,129.065032,359247,부산광역시부산진구
초읍점,부산광역시 부산진구 새싹로 86 (범전동),부산광역시,부산진구,35.1646492,129.0539329,359247,부산광역시부산진구
덕천점,부산광역시 북구 만덕대로 116 (덕천동),부산광역시,북구,35.21291820000001,129.0173682,292843,부산광역시북구
화명점,부산광역시 북구 화명신도시로 77 (화명동),부산광역시,북구,35.23104429999999,129.00996170000002,292843,부산광역시북구
모라점,"부산광역시 사상구 사상로 520 (모라동, 도미노피자)",부산광역시,사상구,35.1904856,128.98946940000002,221994,부산광역시사상구
학장점,부산광역시 사상구 학감대로 226,부산광역시,사상구,35.1510495,128.9900883,221994,부산광역시사상구
괴정점,부산 사하구 사하로 169 (괴정동),부산광역시,사하구,35.09688970000001,128.9934087,325166,부산광역시사하구
다대포점,부산광역시 사하구 다대로 569번길 동재빌딩1층 (다대동),부산광역시,사하구,35.0556158,128.9701968,325166,부산광역시사하구
하단점,부산광역시 사하구 하신중앙로 333 (하단동),부산광역시,사하구,35.1054182,128.9664061,325166,부산광역시사하구
대신점,"부산광역시 서구 구덕로 303-1, 1층 (서대신동2가)",부산광역시,서구,35.110978100000004,129.0171075,482783,부산광역시서구
수영점,"부산광역시 수영구 수영로 640-1, 1층 (광안동)",부산광역시,수영구,35.162820700000005,129.1144766,175744,부산광역시수영구
연산점,부산 연제구 중앙대로 1173 (1층),부산광역시,연제구,35.1922736,129.0797103,209712,부산광역시연제구
연제토곡점,"부산광역시 연제구 과정로 156, 1층",부산광역시,연제구,35.1853725,129.1074013,209712,부산광역시연제구
영도점,부산광역시 영도구 태종로 329-1 (청학동),부산광역시,영도구,35.096388299999994,129.06187930000002,119045,부산광역시영도구
반여재송점,"부산광역시 해운대구 반여로 23 (반여동, 도미노피자)",부산광역시,해운대구,35.1948598,129.11949109999998,408384,부산광역시해운대구
부산반송점,부산광역시 해운대구 아랫반송로21번길 106 (반송동),부산광역시,해운대구,35.2281374,129.1487491,408384,부산광역시해운대구
센텀점,부산광역시 해운대구 해운대로 535 (우동),부산광역시,해운대구,35.1603144,129.150694,408384,부산광역시해운대구
해운대점,부산광역시 해운대구 해운대로 793 부산자생한방병원 상가 108호,부산광역시,해운대구,35.1696583,129.1751889,408384,부산광역시해운대구
제주서귀포점,제주도 서귀포시 신서귀로 118,제주특별자치도,서귀포시,33.25892630000001,126.5106052,181505,제주특별자치도서귀포시
제주노형점,제주특별자치도 제주시 연북로 18 (노형동),제주특별자치도,제주시,33.4816934,126.4831128,487143,제주특별자치도제주시
제주이도점,제주 제주시 승천로 70 (1층),제주특별자치도,제주시,33.4923999,126.5423532,487143,제주특별자치도제주시
제주화북점,제주도 제주시 화삼로 19 (화북1동),제주특별자치도,제주시,33.5144395,126.57513059999998,487143,제주특별자치도제주시
세종보람점,"세종특별자치시 시청대로 209 금강르네상스 1층 107,108호",세종특별자치시,세종특별자치시,36.4832761,127.2932554,324417,세종특별자치시세종특별자치시
세종아름점,"세종특별자치시 보듬3로 91, 115~116호 (아름동, 해피라움4)",세종특별자치시,세종특별자치시,36.5113505,127.2495746,324417,세종특별자치시세종특별자치시
조치원점,세종특별자치시 조치원읍 문화길 39 (침산리),세종특별자치시,세종특별자치시,36.602923,127.2892905,324417,세종특별자치시세종특별자치시
