city,district,cost,count,citycode,citycode_mod,population,sales,brand,area,pizzaschool,domino,pizzahut,mrpizza,EarningRatio
강원도,강릉시,118610000,3,42150,42,213106.0,140181666.66666666,pizzaschool,강원도 강릉시,True,False,False,False,1.182
강원도,정선군,110000000,0,42770,42,37438.0,140181666.66666666,pizzaschool,강원도 정선군,True,False,False,False,1.274
강원도,화천군,119600000,2,42790,42,24979.0,140181666.66666666,pizzaschool,강원도 화천군,True,False,False,False,1.172
강원도,홍천군,118940000,1,42720,42,69646.0,140181666.66666666,pizzaschool,강원도 홍천군,True,False,False,False,1.179
강원도,평창군,110030000,1,42760,42,42435.0,140181666.66666666,pizzaschool,강원도 평창군,True,False,False,False,1.274
강원도,태백시,98150000,0,42190,42,44415.0,140181666.66666666,pizzaschool,강원도 태백시,True,False,False,False,1.428
강원도,춘천시,123890000,5,42110,42,280098.0,140181666.66666666,pizzaschool,강원도 춘천시,True,False,False,False,1.132
강원도,철원군,100130000,1,42780,42,45840.0,140181666.66666666,pizzaschool,강원도 철원군,True,False,False,False,1.4
강원도,인제군,102110000,2,42810,42,31902.0,140181666.66666666,pizzaschool,강원도 인제군,True,False,False,False,1.373
강원도,횡성군,100790000,1,42730,42,46767.0,140181666.66666666,pizzaschool,강원도 횡성군,True,False,False,False,1.391
강원도,영월군,79340000,1,42750,42,39440.0,140181666.66666666,pizzaschool,강원도 영월군,True,False,False,False,1.767
강원도,양양군,115100000,1,42830,42,27519.0,140181666.66666666,pizzaschool,강원도 양양군,True,False,False,False,1.218
강원도,양구군,101450000,1,42800,42,23279.0,140181666.66666666,pizzaschool,강원도 양구군,True,False,False,False,1.382
강원도,속초시,115640000,0,42210,42,81497.0,140181666.66666666,pizzaschool,강원도 속초시,True,False,False,False,1.212
강원도,삼척시,99800000,0,42230,42,68053.0,140181666.66666666,pizzaschool,강원도 삼척시,True,False,False,False,1.405
강원도,동해시,103100000,0,42170,42,90808.0,140181666.66666666,pizzaschool,강원도 동해시,True,False,False,False,1.36
강원도,고성군,103760000,1,42820,42,27860.0,140181666.66666666,pizzaschool,강원도 고성군,True,False,False,False,1.351
강원도,원주시,119600000,11,42130,42,345712.0,140181666.66666666,pizzaschool,강원도 원주시,True,False,False,False,1.172
경기도,양평군,140719999,2,41830,41,116084.0,140704666.66666666,pizzaschool,경기도 양평군,True,False,False,False,1.0
경기도,여주시,121580000,2,41670,41,111143.0,140704666.66666666,pizzaschool,경기도 여주시,True,False,False,False,1.157
경기도,연천군,110030000,1,41800,41,44187.0,140704666.66666666,pizzaschool,경기도 연천군,True,False,False,False,1.279
경기도,오산시,135769999,8,41370,41,220081.0,140704666.66666666,pizzaschool,경기도 오산시,True,False,False,False,1.036
경기도,용인시,176030000,34,41461,41,1042229.0,140704666.66666666,pizzaschool,경기도 용인시,True,False,False,False,0.799
경기도,의왕시,198800000,6,41430,41,157090.0,140704666.66666666,pizzaschool,경기도 의왕시,True,False,False,False,0.708
경기도,파주시,143030000,9,41480,41,453366.0,140704666.66666666,pizzaschool,경기도 파주시,True,False,False,False,0.984
경기도,이천시,135440000,6,41500,41,214814.0,140704666.66666666,pizzaschool,경기도 이천시,True,False,False,False,1.039
경기도,평택시,134119999,11,41220,41,500787.0,140704666.66666666,pizzaschool,경기도 평택시,True,False,False,False,1.049
경기도,포천시,119269999,2,41650,41,149603.0,140704666.66666666,pizzaschool,경기도 포천시,True,False,False,False,1.18
경기도,화성시,168440000,15,41590,41,781507.0,140704666.66666666,pizzaschool,경기도 화성시,True,False,False,False,0.835
경기도,양주시,129500000,5,41630,41,219789.0,140704666.66666666,pizzaschool,경기도 양주시,True,False,False,False,1.087
경기도,의정부시,148309999,9,41150,41,450332.0,140704666.66666666,pizzaschool,경기도 의정부시,True,False,False,False,0.949
경기도,안양시,218269999,13,41171,41,573296.0,140704666.66666666,pizzaschool,경기도 안양시,True,False,False,False,0.645
경기도,하남시,251270000,1,41450,41,262261.0,140704666.66666666,pizzaschool,경기도 하남시,True,False,False,False,0.56
경기도,안산시,160850000,12,41271,41,657988.0,140704666.66666666,pizzaschool,경기도 안산시,True,False,False,False,0.875
경기도,안성시,116630000,3,41550,41,183665.0,140704666.66666666,pizzaschool,경기도 안성시,True,False,False,False,1.206
경기도,가평군,117290000,2,41820,41,62740.0,140704666.66666666,pizzaschool,경기도 가평군,True,False,False,False,1.2
경기도,고양시,172400000,22,41281,41,1045533.0,140704666.66666666,pizzaschool,경기도 고양시,True,False,False,False,0.816
경기도,과천시,456530000,0,41290,41,58218.0,140704666.66666666,pizzaschool,경기도 과천시,True,False,False,False,0.308
경기도,광주시,149630000,6,41610,41,366092.0,140704666.66666666,pizzaschool,경기도 광주시,True,False,False,False,0.94
경기도,구리시,208369999,5,41310,41,201952.0,140704666.66666666,pizzaschool,경기도 구리시,True,False,False,False,0.675
경기도,군포시,179990000,7,41410,41,275207.0,140704666.66666666,pizzaschool,경기도 군포시,True,False,False,False,0.782
경기도,광명시,243350000,6,41210,41,323527.0,140704666.66666666,pizzaschool,경기도 광명시,True,False,False,False,0.578
경기도,남양주시,156230000,16,41360,41,687575.0,140704666.66666666,pizzaschool,경기도 남양주시,True,False,False,False,0.901
경기도,동두천시,116960000,2,41250,41,95375.0,140704666.66666666,pizzaschool,경기도 동두천시,True,False,False,False,1.203
경기도,부천시,178670000,14,41190,41,837937.0,140704666.66666666,pizzaschool,경기도 부천시,True,False,False,False,0.788
경기도,성남시,283610000,20,41131,41,949316.0,140704666.66666666,pizzaschool,경기도 성남시,True,False,False,False,0.496
경기도,수원시,178010000,29,41111,41,1198461.0,140704666.66666666,pizzaschool,경기도 수원시,True,False,False,False,0.79
경기도,시흥시,151609999,9,41390,41,459601.0,140704666.66666666,pizzaschool,경기도 시흥시,True,False,False,False,0.928
경기도,김포시,162170000,7,41570,41,429752.0,140704666.66666666,pizzaschool,경기도 김포시,True,False,False,False,0.868
경상남도,창원시,140719999,3,48121,48,1049897.0,143141000.0,pizzaschool,경상남도 창원시,True,False,False,False,1.017
경상남도,남해군,99470000,0,48840,48,44163.0,143141000.0,pizzaschool,경상남도 남해군,True,False,False,False,1.439
경상남도,합천군,94190000,1,48890,48,45679.0,143141000.0,pizzaschool,경상남도 합천군,True,False,False,False,1.52
경상남도,함양군,115969999,1,48870,48,39922.0,143141000.0,pizzaschool,경상남도 함양군,True,False,False,False,1.234
경상남도,하동군,103300000,1,48850,48,47056.0,143141000.0,pizzaschool,경상남도 하동군,True,False,False,False,1.386
경상남도,통영시,119600000,1,48220,48,132676.0,143141000.0,pizzaschool,경상남도 통영시,True,False,False,False,1.197
경상남도,창녕군,93200000,1,48740,48,62860.0,143141000.0,pizzaschool,경상남도 창녕군,True,False,False,False,1.536
경상남도,양산시,131809999,4,48330,48,349925.0,143141000.0,pizzaschool,경상남도 양산시,True,False,False,False,1.086
경상남도,산청군,117400000,1,48860,48,35713.0,143141000.0,pizzaschool,경상남도 산청군,True,False,False,False,1.219
경상남도,사천시,115969999,1,48240,48,112975.0,143141000.0,pizzaschool,경상남도 사천시,True,False,False,False,1.234
경상남도,밀양시,121580000,0,48270,48,106240.0,143141000.0,pizzaschool,경상남도 밀양시,True,False,False,False,1.177
경상남도,김해시,130819999,7,48250,48,536707.0,143141000.0,pizzaschool,경상남도 김해시,True,False,False,False,1.094
경상남도,거창군,112010000,1,48880,48,62676.0,143141000.0,pizzaschool,경상남도 거창군,True,False,False,False,1.278
경상남도,거제시,122900000,0,48310,48,248856.0,143141000.0,pizzaschool,경상남도 거제시,True,False,False,False,1.165
경상남도,함안군,99470000,0,48730,48,66406.0,143141000.0,pizzaschool,경상남도 함안군,True,False,False,False,1.439
경상남도,진주시,131150000,5,48170,48,346678.0,143141000.0,pizzaschool,경상남도 진주시,True,False,False,False,1.091
경상북도,영천시,105080000,1,47230,47,101360.0,121066000.0,pizzaschool,경상북도 영천시,True,False,False,False,1.152
경상북도,포항시,119930000,2,47111,47,509064.0,121066000.0,pizzaschool,경상북도 포항시,True,False,False,False,1.009
경상북도,칠곡군,103760000,0,47850,47,118389.0,121066000.0,pizzaschool,경상북도 칠곡군,True,False,False,False,1.167
경상북도,예천군,134780000,0,47900,47,54290.0,121066000.0,pizzaschool,경상북도 예천군,True,False,False,False,0.898
경상북도,영주시,106070000,1,47210,47,106100.0,121066000.0,pizzaschool,경상북도 영주시,True,False,False,False,1.141
경상북도,경산시,133130000,1,47290,47,261087.0,121066000.0,pizzaschool,경상북도 경산시,True,False,False,False,0.909
경상북도,성주군,103100000,1,47840,47,44312.0,121066000.0,pizzaschool,경상북도 성주군,True,False,False,False,1.174
경상북도,상주시,103100000,1,47250,47,100051.0,121066000.0,pizzaschool,경상북도 상주시,True,False,False,False,1.174
경상북도,문경시,114650000,1,47280,47,71939.0,121066000.0,pizzaschool,경상북도 문경시,True,False,False,False,1.056
경상북도,김천시,100130000,3,47150,47,141397.0,121066000.0,pizzaschool,경상북도 김천시,True,False,False,False,1.209
경상북도,경주시,119269999,0,47130,47,256426.0,121066000.0,pizzaschool,경상북도 경주시,True,False,False,False,1.015
경상북도,안동시,110690000,1,47170,47,160737.0,121066000.0,pizzaschool,경상북도 안동시,True,False,False,False,1.094
경상북도,구미시,115640000,5,47190,47,420294.0,121066000.0,pizzaschool,경상북도 구미시,True,False,False,False,1.047
광주광역시,광산구,136100000,11,29200,29,406384.0,166859333.33333334,pizzaschool,광주광역시 광산구,True,False,False,False,1.226
광주광역시,남구,148309999,5,29155,29,217949.0,166859333.33333334,pizzaschool,광주광역시 남구,True,False,False,False,1.125
광주광역시,동구,121910000,1,29110,29,95743.0,166859333.33333334,pizzaschool,광주광역시 동구,True,False,False,False,1.369
광주광역시,북구,124219999,12,29170,29,436188.0,166859333.33333334,pizzaschool,광주광역시 북구,True,False,False,False,1.343
광주광역시,서구,139400000,9,29140,29,301909.0,166859333.33333334,pizzaschool,광주광역시 서구,True,False,False,False,1.197
대구광역시,달성군,146330000,2,27710,27,253800.0,99188000.0,pizzaschool,대구광역시 달성군,True,False,False,False,0.678
대구광역시,수성구,196490000,4,27260,27,431613.0,99188000.0,pizzaschool,대구광역시 수성구,True,False,False,False,0.505
대구광역시,달서구,151280000,5,27290,27,571682.0,99188000.0,pizzaschool,대구광역시 달서구,True,False,False,False,0.656
대구광역시,중구,182960000,0,27110,27,78504.0,99188000.0,pizzaschool,대구광역시 중구,True,False,False,False,0.542
대전광역시,대덕구,124219999,1,30230,30,180249.0,110071000.0,pizzaschool,대전광역시 대덕구,True,False,False,False,0.886
대전광역시,유성구,153920000,2,30200,30,349868.0,110071000.0,pizzaschool,대전광역시 유성구,True,False,False,False,0.715
부산광역시,해운대구,183950000,6,26350,26,408384.0,132230666.66666669,pizzaschool,부산광역시 해운대구,True,False,False,False,0.719
부산광역시,연제구,172730000,3,26470,26,209712.0,132230666.66666669,pizzaschool,부산광역시 연제구,True,False,False,False,0.766
부산광역시,영도구,127519999,1,26200,26,119045.0,132230666.66666669,pizzaschool,부산광역시 영도구,True,False,False,False,1.037
부산광역시,수영구,191210000,3,26500,26,175744.0,132230666.66666669,pizzaschool,부산광역시 수영구,True,False,False,False,0.692
부산광역시,동래구,171410000,3,26260,26,267567.0,132230666.66666669,pizzaschool,부산광역시 동래구,True,False,False,False,0.771
부산광역시,사상구,133459999,3,26530,26,221994.0,132230666.66666669,pizzaschool,부산광역시 사상구,True,False,False,False,0.991
부산광역시,부산진구,152269999,2,26230,26,359247.0,132230666.66666669,pizzaschool,부산광역시 부산진구,True,False,False,False,0.868
부산광역시,기장군,143359999,2,26710,26,165024.0,132230666.66666669,pizzaschool,부산광역시 기장군,True,False,False,False,0.922
부산광역시,사하구,129830000,3,26380,26,325166.0,132230666.66666669,pizzaschool,부산광역시 사하구,True,False,False,False,1.018
부산광역시,금정구,170420000,5,26410,26,241986.0,132230666.66666669,pizzaschool,부산광역시 금정구,True,False,False,False,0.776
부산광역시,강서구,155240000,1,26440,26,126333.0,132230666.66666669,pizzaschool,부산광역시 강서구,True,False,False,False,0.852
서울특별시,중랑구,208700000,10,11260,11,401546.0,148185333.33333334,pizzaschool,서울특별시 중랑구,True,False,False,False,0.71
서울특별시,종로구,309680000,3,11110,11,152495.0,148185333.33333334,pizzaschool,서울특별시 종로구,True,False,False,False,0.479
서울특별시,은평구,238069999,12,11380,11,484267.0,148185333.33333334,pizzaschool,서울특별시 은평구,True,False,False,False,0.622
서울특별시,용산구,410330000,6,11170,11,228940.0,148185333.33333334,pizzaschool,서울특별시 용산구,True,False,False,False,0.361
서울특별시,영등포구,311660000,11,11560,11,368874.0,148185333.33333334,pizzaschool,서울특별시 영등포구,True,False,False,False,0.475
서울특별시,양천구,329480000,8,11470,11,462126.0,148185333.33333334,pizzaschool,서울특별시 양천구,True,False,False,False,0.45
서울특별시,성북구,245000000,12,11290,11,439754.0,148185333.33333334,pizzaschool,서울특별시 성북구,True,False,False,False,0.605
서울특별시,성동구,347960000,10,11200,11,305785.0,148185333.33333334,pizzaschool,서울특별시 성동구,True,False,False,False,0.426
서울특별시,서초구,530780000,7,11650,11,432336.0,148185333.33333334,pizzaschool,서울특별시 서초구,True,False,False,False,0.279
서울특별시,송파구,422540000,14,11710,11,679824.0,148185333.33333334,pizzaschool,서울특별시 송파구,True,False,False,False,0.351
서울특별시,마포구,336080000,12,11440,11,374824.0,148185333.33333334,pizzaschool,서울특별시 마포구,True,False,False,False,0.441
서울특별시,동작구,307040000,10,11590,11,399118.0,148185333.33333334,pizzaschool,서울특별시 동작구,True,False,False,False,0.483
서울특별시,동대문구,257210000,11,11230,11,346312.0,148185333.33333334,pizzaschool,서울특별시 동대문구,True,False,False,False,0.576
서울특별시,강남구,555200000,9,11680,11,542108.0,148185333.33333334,pizzaschool,서울특별시 강남구,True,False,False,False,0.267
서울특별시,도봉구,201440000,8,11320,11,337346.0,148185333.33333334,pizzaschool,서울특별시 도봉구,True,False,False,False,0.736
서울특별시,노원구,226850000,12,11350,11,539884.0,148185333.33333334,pizzaschool,서울특별시 노원구,True,False,False,False,0.653
서울특별시,금천구,208700000,5,11545,11,234173.0,148185333.33333334,pizzaschool,서울특별시 금천구,True,False,False,False,0.71
서울특별시,구로구,227180000,9,11530,11,405516.0,148185333.33333334,pizzaschool,서울특별시 구로구,True,False,False,False,0.652
서울특별시,광진구,321230000,8,11215,11,354344.0,148185333.33333334,pizzaschool,서울특별시 광진구,True,False,False,False,0.461
서울특별시,관악구,238400000,13,11620,11,502251.0,148185333.33333334,pizzaschool,서울특별시 관악구,True,False,False,False,0.622
서울특별시,서대문구,266780000,8,11410,11,311586.0,148185333.33333334,pizzaschool,서울특별시 서대문구,True,False,False,False,0.555
서울특별시,강동구,325520000,9,11740,11,424727.0,148185333.33333334,pizzaschool,서울특별시 강동구,True,False,False,False,0.455
서울특별시,강북구,213319999,8,11305,11,316604.0,148185333.33333334,pizzaschool,서울특별시 강북구,True,False,False,False,0.695
울산광역시,울주군,137419999,2,31710,31,222191.0,150696000.0,pizzaschool,울산광역시 울주군,True,False,False,False,1.097
인천광역시,강화군,113660000,1,28710,28,68992.0,117516666.66666669,pizzaschool,인천광역시 강화군,True,False,False,False,1.034
인천광역시,부평구,159200000,4,28237,28,520171.0,117516666.66666669,pizzaschool,인천광역시 부평구,True,False,False,False,0.738
인천광역시,남동구,152269999,5,28200,28,536255.0,117516666.66666669,pizzaschool,인천광역시 남동구,True,False,False,False,0.772
인천광역시,계양구,145340000,4,28245,28,308685.0,117516666.66666669,pizzaschool,인천광역시 계양구,True,False,False,False,0.809
인천광역시,연수구,175370000,4,28185,28,352172.0,117516666.66666669,pizzaschool,인천광역시 연수구,True,False,False,False,0.67
전라남도,영광군,90560000,1,46870,46,54040.0,159910666.66666666,pizzaschool,전라남도 영광군,True,False,False,False,1.766
전라남도,해남군,106400000,1,46820,46,71214.0,159910666.66666666,pizzaschool,전라남도 해남군,True,False,False,False,1.503
전라남도,여수시,127850000,9,46130,46,282946.0,159910666.66666666,pizzaschool,전라남도 여수시,True,False,False,False,1.251
전라남도,화순군,105740000,1,46790,46,63499.0,159910666.66666666,pizzaschool,전라남도 화순군,True,False,False,False,1.512
전라남도,보성군,100000000,1,46780,46,42262.0,159910666.66666666,pizzaschool,전라남도 보성군,True,False,False,False,1.599
전라남도,고흥군,95300000,2,46770,46,65570.0,159910666.66666666,pizzaschool,전라남도 고흥군,True,False,False,False,1.678
전라남도,광양시,101120000,4,46230,46,152104.0,159910666.66666666,pizzaschool,전라남도 광양시,True,False,False,False,1.581
전라남도,구례군,111800000,1,46730,46,26474.0,159910666.66666666,pizzaschool,전라남도 구례군,True,False,False,False,1.43
전라남도,순천시,111680000,8,46150,46,280361.0,159910666.66666666,pizzaschool,전라남도 순천시,True,False,False,False,1.432
전라남도,완도군,119800000,0,46890,46,51213.0,159910666.66666666,pizzaschool,전라남도 완도군,True,False,False,False,1.335
전라남도,나주시,110360000,2,46170,46,114815.0,159910666.66666666,pizzaschool,전라남도 나주시,True,False,False,False,1.449
전라남도,목포시,113000000,5,46110,46,230930.0,159910666.66666666,pizzaschool,전라남도 목포시,True,False,False,False,1.415
전라남도,무안군,132140000,1,46840,46,81808.0,159910666.66666666,pizzaschool,전라남도 무안군,True,False,False,False,1.21
전라북도,고창군,105740000,1,45790,45,56407.0,140832333.33333334,pizzaschool,전라북도 고창군,True,False,False,False,1.332
전라북도,군산시,106400000,4,45130,45,271781.0,140832333.33333334,pizzaschool,전라북도 군산시,True,False,False,False,1.324
전라북도,정읍시,110360000,2,45180,45,111535.0,140832333.33333334,pizzaschool,전라북도 정읍시,True,False,False,False,1.276
전라북도,김제시,99470000,1,45210,45,84734.0,140832333.33333334,pizzaschool,전라북도 김제시,True,False,False,False,1.416
전라북도,임실군,105700000,1,45750,45,28606.0,140832333.33333334,pizzaschool,전라북도 임실군,True,False,False,False,1.332
전라북도,익산시,111020000,6,45140,45,291001.0,140832333.33333334,pizzaschool,전라북도 익산시,True,False,False,False,1.269
전라북도,완주군,105080000,3,45710,45,93382.0,140832333.33333334,pizzaschool,전라북도 완주군,True,False,False,False,1.34
전라북도,부안군,102440000,1,45800,45,54030.0,140832333.33333334,pizzaschool,전라북도 부안군,True,False,False,False,1.375
전라북도,남원시,107060000,1,45190,45,82095.0,140832333.33333334,pizzaschool,전라북도 남원시,True,False,False,False,1.315
전라북도,전주시,121250000,20,45111,45,653694.0,140832333.33333334,pizzaschool,전라북도 전주시,True,False,False,False,1.162
제주특별자치도,서귀포시,166400000,0,50130,50,181505.0,0.0,pizzaschool,제주특별자치도 서귀포시,True,False,False,False,0.0
제주특별자치도,제주시,177800000,0,50110,50,487143.0,0.0,pizzaschool,제주특별자치도 제주시,True,False,False,False,0.0
충청남도,홍성군,121580000,2,44800,44,101037.0,131299000.0,pizzaschool,충청남도 홍성군,True,False,False,False,1.08
충청남도,태안군,106730000,2,44825,44,63062.0,131299000.0,pizzaschool,충청남도 태안군,True,False,False,False,1.23
충청남도,청양군,100460000,1,44790,44,31642.0,131299000.0,pizzaschool,충청남도 청양군,True,False,False,False,1.307
충청남도,천안시,130490000,18,44131,44,649107.0,131299000.0,pizzaschool,충청남도 천안시,True,False,False,False,1.006
충청남도,예산군,89570000,2,44810,44,79791.0,131299000.0,pizzaschool,충청남도 예산군,True,False,False,False,1.466
충청남도,아산시,120590000,10,44200,44,313537.0,131299000.0,pizzaschool,충청남도 아산시,True,False,False,False,1.089
충청남도,부여군,103760000,1,44760,44,67524.0,131299000.0,pizzaschool,충청남도 부여군,True,False,False,False,1.265
충청남도,계룡시,111020000,1,44250,44,43378.0,131299000.0,pizzaschool,충청남도 계룡시,True,False,False,False,1.183
충청남도,공주시,112670000,3,44150,44,107036.0,131299000.0,pizzaschool,충청남도 공주시,True,False,False,False,1.165
충청남도,서천군,95180000,1,44770,44,53462.0,131299000.0,pizzaschool,충청남도 서천군,True,False,False,False,1.379
충청남도,서산시,120260000,5,44210,44,174344.0,131299000.0,pizzaschool,충청남도 서산시,True,False,False,False,1.092
충청남도,논산시,104750000,2,44230,44,120005.0,131299000.0,pizzaschool,충청남도 논산시,True,False,False,False,1.253
충청남도,당진시,122569999,4,44270,44,167481.0,131299000.0,pizzaschool,충청남도 당진시,True,False,False,False,1.071
충청남도,보령시,111020000,1,44180,44,101549.0,131299000.0,pizzaschool,충청남도 보령시,True,False,False,False,1.183
충청남도,금산군,119269999,1,44710,44,52957.0,131299000.0,pizzaschool,충청남도 금산군,True,False,False,False,1.101
충청북도,괴산군,120260000,1,43760,43,38133.0,132517333.33333331,pizzaschool,충청북도 괴산군,True,False,False,False,1.102
충청북도,보은군,89900000,1,43720,43,33448.0,132517333.33333331,pizzaschool,충청북도 보은군,True,False,False,False,1.474
충청북도,영동군,95840000,1,43740,43,49179.0,132517333.33333331,pizzaschool,충청북도 영동군,True,False,False,False,1.383
충청북도,옥천군,112010000,1,43730,43,51371.0,132517333.33333331,pizzaschool,충청북도 옥천군,True,False,False,False,1.183
충청북도,제천시,104750000,3,43150,43,135243.0,132517333.33333331,pizzaschool,충청북도 제천시,True,False,False,False,1.265
충청북도,증평군,105410000,0,43745,43,37378.0,132517333.33333331,pizzaschool,충청북도 증평군,True,False,False,False,1.257
충청북도,진천군,113990000,2,43750,43,79919.0,132517333.33333331,pizzaschool,충청북도 진천군,True,False,False,False,1.163
충청북도,청주시,127519999,17,43111,43,838887.0,132517333.33333331,pizzaschool,충청북도 청주시,True,False,False,False,1.039
충청북도,충주시,113660000,2,43130,43,210463.0,132517333.33333331,pizzaschool,충청북도 충주시,True,False,False,False,1.166
충청북도,음성군,108050000,3,43770,43,95375.0,132517333.33333331,pizzaschool,충청북도 음성군,True,False,False,False,1.226
강원도,강릉시,219873000,2,42150,42,213106.0,548063333.3333334,mrpizza,강원도 강릉시,False,False,False,True,2.493
강원도,정선군,208680000,1,42770,42,37438.0,548063333.3333334,mrpizza,강원도 정선군,False,False,False,True,2.626
강원도,화천군,221160000,0,42790,42,24979.0,548063333.3333334,mrpizza,강원도 화천군,False,False,False,True,2.478
강원도,홍천군,220302000,0,42720,42,69646.0,548063333.3333334,mrpizza,강원도 홍천군,False,False,False,True,2.488
강원도,평창군,208719000,0,42760,42,42435.0,548063333.3333334,mrpizza,강원도 평창군,False,False,False,True,2.626
강원도,태백시,193275000,1,42190,42,44415.0,548063333.3333334,mrpizza,강원도 태백시,False,False,False,True,2.836
강원도,춘천시,226737000,0,42110,42,280098.0,548063333.3333334,mrpizza,강원도 춘천시,False,False,False,True,2.417
강원도,철원군,195849000,0,42780,42,45840.0,548063333.3333334,mrpizza,강원도 철원군,False,False,False,True,2.798
강원도,인제군,198423000,0,42810,42,31902.0,548063333.3333334,mrpizza,강원도 인제군,False,False,False,True,2.762
강원도,횡성군,196707000,0,42730,42,46767.0,548063333.3333334,mrpizza,강원도 횡성군,False,False,False,True,2.786
강원도,영월군,168822000,0,42750,42,39440.0,548063333.3333334,mrpizza,강원도 영월군,False,False,False,True,3.246
강원도,양양군,215310000,0,42830,42,27519.0,548063333.3333334,mrpizza,강원도 양양군,False,False,False,True,2.545
강원도,양구군,197565000,0,42800,42,23279.0,548063333.3333334,mrpizza,강원도 양구군,False,False,False,True,2.774
강원도,속초시,216012000,1,42210,42,81497.0,548063333.3333334,mrpizza,강원도 속초시,False,False,False,True,2.537
강원도,삼척시,195420000,1,42230,42,68053.0,548063333.3333334,mrpizza,강원도 삼척시,False,False,False,True,2.805
강원도,동해시,199710000,1,42170,42,90808.0,548063333.3333334,mrpizza,강원도 동해시,False,False,False,True,2.744
강원도,고성군,200568000,0,42820,42,27860.0,548063333.3333334,mrpizza,강원도 고성군,False,False,False,True,2.733
강원도,원주시,221160000,3,42130,42,345712.0,548063333.3333334,mrpizza,강원도 원주시,False,False,False,True,2.478
경기도,양평군,248615999,0,41830,41,116084.0,585568666.6666666,mrpizza,경기도 양평군,False,False,False,True,2.355
경기도,여주시,223734000,0,41670,41,111143.0,585568666.6666666,mrpizza,경기도 여주시,False,False,False,True,2.617
경기도,연천군,208719000,1,41800,41,44187.0,585568666.6666666,mrpizza,경기도 연천군,False,False,False,True,2.806
경기도,오산시,242180999,1,41370,41,220081.0,585568666.6666666,mrpizza,경기도 오산시,False,False,False,True,2.418
경기도,용인시,294519000,3,41461,41,1042229.0,585568666.6666666,mrpizza,경기도 용인시,False,False,False,True,1.988
경기도,의왕시,324120000,0,41430,41,157090.0,585568666.6666666,mrpizza,경기도 의왕시,False,False,False,True,1.807
경기도,파주시,251619000,3,41480,41,453366.0,585568666.6666666,mrpizza,경기도 파주시,False,False,False,True,2.327
경기도,이천시,241752000,0,41500,41,214814.0,585568666.6666666,mrpizza,경기도 이천시,False,False,False,True,2.422
경기도,평택시,240035999,3,41220,41,500787.0,585568666.6666666,mrpizza,경기도 평택시,False,False,False,True,2.44
경기도,포천시,220730999,0,41650,41,149603.0,585568666.6666666,mrpizza,경기도 포천시,False,False,False,True,2.653
경기도,화성시,284652000,4,41590,41,781507.0,585568666.6666666,mrpizza,경기도 화성시,False,False,False,True,2.057
경기도,양주시,234030000,1,41630,41,219789.0,585568666.6666666,mrpizza,경기도 양주시,False,False,False,True,2.502
경기도,의정부시,258482999,3,41150,41,450332.0,585568666.6666666,mrpizza,경기도 의정부시,False,False,False,True,2.265
경기도,안양시,349430999,4,41171,41,573296.0,585568666.6666666,mrpizza,경기도 안양시,False,False,False,True,1.676
경기도,하남시,392331000,1,41450,41,262261.0,585568666.6666666,mrpizza,경기도 하남시,False,False,False,True,1.493
경기도,안산시,274785000,3,41271,41,657988.0,585568666.6666666,mrpizza,경기도 안산시,False,False,False,True,2.131
경기도,안성시,217299000,1,41550,41,183665.0,585568666.6666666,mrpizza,경기도 안성시,False,False,False,True,2.695
경기도,가평군,218157000,0,41820,41,62740.0,585568666.6666666,mrpizza,경기도 가평군,False,False,False,True,2.684
경기도,고양시,289800000,5,41281,41,1045533.0,585568666.6666666,mrpizza,경기도 고양시,False,False,False,True,2.021
경기도,과천시,659169000,0,41290,41,58218.0,585568666.6666666,mrpizza,경기도 과천시,False,False,False,True,0.888
경기도,광주시,260199000,2,41610,41,366092.0,585568666.6666666,mrpizza,경기도 광주시,False,False,False,True,2.25
경기도,구리시,336560999,1,41310,41,201952.0,585568666.6666666,mrpizza,경기도 구리시,False,False,False,True,1.74
경기도,군포시,299667000,1,41410,41,275207.0,585568666.6666666,mrpizza,경기도 군포시,False,False,False,True,1.954
경기도,광명시,382035000,0,41210,41,323527.0,585568666.6666666,mrpizza,경기도 광명시,False,False,False,True,1.533
경기도,남양주시,268779000,5,41360,41,687575.0,585568666.6666666,mrpizza,경기도 남양주시,False,False,False,True,2.179
경기도,동두천시,217728000,1,41250,41,95375.0,585568666.6666666,mrpizza,경기도 동두천시,False,False,False,True,2.689
경기도,부천시,297951000,1,41190,41,837937.0,585568666.6666666,mrpizza,경기도 부천시,False,False,False,True,1.965
경기도,성남시,434373000,5,41131,41,949316.0,585568666.6666666,mrpizza,경기도 성남시,False,False,False,True,1.348
경기도,수원시,297093000,5,41111,41,1198461.0,585568666.6666666,mrpizza,경기도 수원시,False,False,False,True,1.971
경기도,시흥시,262772999,3,41390,41,459601.0,585568666.6666666,mrpizza,경기도 시흥시,False,False,False,True,2.228
경기도,김포시,276501000,2,41570,41,429752.0,585568666.6666666,mrpizza,경기도 김포시,False,False,False,True,2.118
경상남도,창원시,248615999,9,48121,48,1049897.0,684242666.6666666,mrpizza,경상남도 창원시,False,False,False,True,2.752
경상남도,남해군,194991000,1,48840,48,44163.0,684242666.6666666,mrpizza,경상남도 남해군,False,False,False,True,3.509
경상남도,합천군,188127000,0,48890,48,45679.0,684242666.6666666,mrpizza,경상남도 합천군,False,False,False,True,3.637
경상남도,함양군,216440999,0,48870,48,39922.0,684242666.6666666,mrpizza,경상남도 함양군,False,False,False,True,3.161
경상남도,하동군,199970000,0,48850,48,47056.0,684242666.6666666,mrpizza,경상남도 하동군,False,False,False,True,3.422
경상남도,통영시,221160000,1,48220,48,132676.0,684242666.6666666,mrpizza,경상남도 통영시,False,False,False,True,3.094
경상남도,창녕군,186840000,0,48740,48,62860.0,684242666.6666666,mrpizza,경상남도 창녕군,False,False,False,True,3.662
경상남도,양산시,237032999,3,48330,48,349925.0,684242666.6666666,mrpizza,경상남도 양산시,False,False,False,True,2.887
경상남도,산청군,218300000,0,48860,48,35713.0,684242666.6666666,mrpizza,경상남도 산청군,False,False,False,True,3.134
경상남도,사천시,216440999,2,48240,48,112975.0,684242666.6666666,mrpizza,경상남도 사천시,False,False,False,True,3.161
경상남도,밀양시,223734000,1,48270,48,106240.0,684242666.6666666,mrpizza,경상남도 밀양시,False,False,False,True,3.058
경상남도,김해시,235745999,4,48250,48,536707.0,684242666.6666666,mrpizza,경상남도 김해시,False,False,False,True,2.902
경상남도,거창군,211293000,1,48880,48,62676.0,684242666.6666666,mrpizza,경상남도 거창군,False,False,False,True,3.238
경상남도,거제시,225450000,0,48310,48,248856.0,684242666.6666666,mrpizza,경상남도 거제시,False,False,False,True,3.035
경상남도,함안군,194991000,1,48730,48,66406.0,684242666.6666666,mrpizza,경상남도 함안군,False,False,False,True,3.509
경상남도,진주시,236175000,4,48170,48,346678.0,684242666.6666666,mrpizza,경상남도 진주시,False,False,False,True,2.897
경상북도,영천시,202284000,0,47230,47,101360.0,557171333.3333334,mrpizza,경상북도 영천시,False,False,False,True,2.754
경상북도,포항시,221589000,2,47111,47,509064.0,557171333.3333334,mrpizza,경상북도 포항시,False,False,False,True,2.514
경상북도,칠곡군,200568000,1,47850,47,118389.0,557171333.3333334,mrpizza,경상북도 칠곡군,False,False,False,True,2.778
경상북도,예천군,240894000,0,47900,47,54290.0,557171333.3333334,mrpizza,경상북도 예천군,False,False,False,True,2.313
경상북도,영주시,203571000,1,47210,47,106100.0,557171333.3333334,mrpizza,경상북도 영주시,False,False,False,True,2.737
경상북도,경산시,238749000,0,47290,47,261087.0,557171333.3333334,mrpizza,경상북도 경산시,False,False,False,True,2.334
경상북도,성주군,199710000,0,47840,47,44312.0,557171333.3333334,mrpizza,경상북도 성주군,False,False,False,True,2.79
경상북도,상주시,199710000,0,47250,47,100051.0,557171333.3333334,mrpizza,경상북도 상주시,False,False,False,True,2.79
경상북도,문경시,214725000,1,47280,47,71939.0,557171333.3333334,mrpizza,경상북도 문경시,False,False,False,True,2.595
경상북도,김천시,195849000,0,47150,47,141397.0,557171333.3333334,mrpizza,경상북도 김천시,False,False,False,True,2.845
경상북도,경주시,220730999,2,47130,47,256426.0,557171333.3333334,mrpizza,경상북도 경주시,False,False,False,True,2.524
경상북도,안동시,209577000,1,47170,47,160737.0,557171333.3333334,mrpizza,경상북도 안동시,False,False,False,True,2.659
경상북도,구미시,216012000,1,47190,47,420294.0,557171333.3333334,mrpizza,경상북도 구미시,False,False,False,True,2.579
광주광역시,광산구,242610000,2,29200,29,406384.0,751342333.3333334,mrpizza,광주광역시 광산구,False,False,False,True,3.097
광주광역시,남구,258482999,1,29155,29,217949.0,751342333.3333334,mrpizza,광주광역시 남구,False,False,False,True,2.907
광주광역시,동구,224163000,0,29110,29,95743.0,751342333.3333334,mrpizza,광주광역시 동구,False,False,False,True,3.352
광주광역시,북구,227165999,3,29170,29,436188.0,751342333.3333334,mrpizza,광주광역시 북구,False,False,False,True,3.307
광주광역시,서구,246900000,2,29140,29,301909.0,751342333.3333334,mrpizza,광주광역시 서구,False,False,False,True,3.043
대구광역시,달성군,255909000,1,27710,27,253800.0,596117666.6666666,mrpizza,대구광역시 달성군,False,False,False,True,2.329
대구광역시,수성구,321117000,2,27260,27,431613.0,596117666.6666666,mrpizza,대구광역시 수성구,False,False,False,True,1.856
대구광역시,달서구,262344000,2,27290,27,571682.0,596117666.6666666,mrpizza,대구광역시 달서구,False,False,False,True,2.272
대구광역시,중구,303528000,1,27110,27,78504.0,596117666.6666666,mrpizza,대구광역시 중구,False,False,False,True,1.964
대전광역시,대덕구,227165999,0,30230,30,180249.0,448316000.0,mrpizza,대전광역시 대덕구,False,False,False,True,1.974
대전광역시,유성구,265776000,0,30200,30,349868.0,448316000.0,mrpizza,대전광역시 유성구,False,False,False,True,1.687
부산광역시,해운대구,304815000,1,26350,26,408384.0,675324666.6666666,mrpizza,부산광역시 해운대구,False,False,False,True,2.216
부산광역시,연제구,290229000,2,26470,26,209712.0,675324666.6666666,mrpizza,부산광역시 연제구,False,False,False,True,2.327
부산광역시,영도구,231455999,1,26200,26,119045.0,675324666.6666666,mrpizza,부산광역시 영도구,False,False,False,True,2.918
부산광역시,수영구,314253000,1,26500,26,175744.0,675324666.6666666,mrpizza,부산광역시 수영구,False,False,False,True,2.149
부산광역시,동래구,288513000,1,26260,26,267567.0,675324666.6666666,mrpizza,부산광역시 동래구,False,False,False,True,2.341
부산광역시,사상구,239177999,1,26530,26,221994.0,675324666.6666666,mrpizza,부산광역시 사상구,False,False,False,True,2.824
부산광역시,부산진구,263630999,1,26230,26,359247.0,675324666.6666666,mrpizza,부산광역시 부산진구,False,False,False,True,2.562
부산광역시,기장군,252047999,0,26710,26,165024.0,675324666.6666666,mrpizza,부산광역시 기장군,False,False,False,True,2.679
부산광역시,사하구,234459000,1,26380,26,325166.0,675324666.6666666,mrpizza,부산광역시 사하구,False,False,False,True,2.88
부산광역시,금정구,287226000,2,26410,26,241986.0,675324666.6666666,mrpizza,부산광역시 금정구,False,False,False,True,2.351
부산광역시,강서구,267492000,0,26440,26,126333.0,675324666.6666666,mrpizza,부산광역시 강서구,False,False,False,True,2.525
서울특별시,중랑구,336990000,1,11260,11,401546.0,747634000.0,mrpizza,서울특별시 중랑구,False,False,False,True,2.219
서울특별시,종로구,468264000,2,11110,11,152495.0,747634000.0,mrpizza,서울특별시 종로구,False,False,False,True,1.597
서울특별시,은평구,375170999,0,11380,11,484267.0,747634000.0,mrpizza,서울특별시 은평구,False,False,False,True,1.993
서울특별시,용산구,599109000,1,11170,11,228940.0,747634000.0,mrpizza,서울특별시 용산구,False,False,False,True,1.248
서울특별시,영등포구,470838000,3,11560,11,368874.0,747634000.0,mrpizza,서울특별시 영등포구,False,False,False,True,1.588
서울특별시,양천구,494004000,2,11470,11,462126.0,747634000.0,mrpizza,서울특별시 양천구,False,False,False,True,1.513
서울특별시,성북구,384180000,3,11290,11,439754.0,747634000.0,mrpizza,서울특별시 성북구,False,False,False,True,1.946
서울특별시,성동구,518028000,3,11200,11,305785.0,747634000.0,mrpizza,서울특별시 성동구,False,False,False,True,1.443
서울특별시,서초구,755694000,3,11650,11,432336.0,747634000.0,mrpizza,서울특별시 서초구,False,False,False,True,0.989
서울특별시,송파구,614982000,3,11710,11,679824.0,747634000.0,mrpizza,서울특별시 송파구,False,False,False,True,1.216
서울특별시,마포구,502584000,3,11440,11,374824.0,747634000.0,mrpizza,서울특별시 마포구,False,False,False,True,1.488
서울특별시,동작구,464832000,3,11590,11,399118.0,747634000.0,mrpizza,서울특별시 동작구,False,False,False,True,1.608
서울특별시,동대문구,400053000,2,11230,11,346312.0,747634000.0,mrpizza,서울특별시 동대문구,False,False,False,True,1.869
서울특별시,강남구,787440000,6,11680,11,542108.0,747634000.0,mrpizza,서울특별시 강남구,False,False,False,True,0.949
서울특별시,도봉구,327552000,2,11320,11,337346.0,747634000.0,mrpizza,서울특별시 도봉구,False,False,False,True,2.282
서울특별시,노원구,360585000,2,11350,11,539884.0,747634000.0,mrpizza,서울특별시 노원구,False,False,False,True,2.073
서울특별시,금천구,336990000,1,11545,11,234173.0,747634000.0,mrpizza,서울특별시 금천구,False,False,False,True,2.219
서울특별시,구로구,361014000,3,11530,11,405516.0,747634000.0,mrpizza,서울특별시 구로구,False,False,False,True,2.071
서울특별시,광진구,483279000,3,11215,11,354344.0,747634000.0,mrpizza,서울특별시 광진구,False,False,False,True,1.547
서울특별시,관악구,375600000,2,11620,11,502251.0,747634000.0,mrpizza,서울특별시 관악구,False,False,False,True,1.991
서울특별시,서대문구,412494000,3,11410,11,311586.0,747634000.0,mrpizza,서울특별시 서대문구,False,False,False,True,1.812
서울특별시,강동구,488856000,3,11740,11,424727.0,747634000.0,mrpizza,서울특별시 강동구,False,False,False,True,1.529
서울특별시,강북구,342995999,2,11305,11,316604.0,747634000.0,mrpizza,서울특별시 강북구,False,False,False,True,2.18
울산광역시,울주군,244325999,2,31710,31,222191.0,514229000.0,mrpizza,울산광역시 울주군,False,False,False,True,2.105
인천광역시,강화군,213438000,0,28710,28,68992.0,547726000.0,mrpizza,인천광역시 강화군,False,False,False,True,2.566
인천광역시,부평구,272640000,2,28237,28,520171.0,547726000.0,mrpizza,인천광역시 부평구,False,False,False,True,2.009
인천광역시,남동구,263630999,2,28200,28,536255.0,547726000.0,mrpizza,인천광역시 남동구,False,False,False,True,2.078
인천광역시,계양구,254622000,2,28245,28,308685.0,547726000.0,mrpizza,인천광역시 계양구,False,False,False,True,2.151
인천광역시,연수구,293661000,2,28185,28,352172.0,547726000.0,mrpizza,인천광역시 연수구,False,False,False,True,1.865
전라남도,영광군,183408000,1,46870,46,54040.0,590353666.6666666,mrpizza,전라남도 영광군,False,False,False,True,3.219
전라남도,해남군,204000000,0,46820,46,71214.0,590353666.6666666,mrpizza,전라남도 해남군,False,False,False,True,2.894
전라남도,여수시,231885000,1,46130,46,282946.0,590353666.6666666,mrpizza,전라남도 여수시,False,False,False,True,2.546
전라남도,화순군,203142000,0,46790,46,63499.0,590353666.6666666,mrpizza,전라남도 화순군,False,False,False,True,2.906
전라남도,보성군,195680000,0,46780,46,42262.0,590353666.6666666,mrpizza,전라남도 보성군,False,False,False,True,3.017
전라남도,고흥군,189570000,0,46770,46,65570.0,590353666.6666666,mrpizza,전라남도 고흥군,False,False,False,True,3.114
전라남도,광양시,197136000,0,46230,46,152104.0,590353666.6666666,mrpizza,전라남도 광양시,False,False,False,True,2.995
전라남도,구례군,211020000,0,46730,46,26474.0,590353666.6666666,mrpizza,전라남도 구례군,False,False,False,True,2.798
전라남도,순천시,210864000,1,46150,46,280361.0,590353666.6666666,mrpizza,전라남도 순천시,False,False,False,True,2.8
전라남도,완도군,221420000,1,46890,46,51213.0,590353666.6666666,mrpizza,전라남도 완도군,False,False,False,True,2.666
전라남도,나주시,209148000,0,46170,46,114815.0,590353666.6666666,mrpizza,전라남도 나주시,False,False,False,True,2.823
전라남도,목포시,212580000,2,46110,46,230930.0,590353666.6666666,mrpizza,전라남도 목포시,False,False,False,True,2.777
전라남도,무안군,237462000,0,46840,46,81808.0,590353666.6666666,mrpizza,전라남도 무안군,False,False,False,True,2.486
전라북도,고창군,203142000,0,45790,45,56407.0,570316333.3333334,mrpizza,전라북도 고창군,False,False,False,True,2.807
전라북도,군산시,204000000,1,45130,45,271781.0,570316333.3333334,mrpizza,전라북도 군산시,False,False,False,True,2.796
전라북도,정읍시,209148000,0,45180,45,111535.0,570316333.3333334,mrpizza,전라북도 정읍시,False,False,False,True,2.727
전라북도,김제시,194991000,1,45210,45,84734.0,570316333.3333334,mrpizza,전라북도 김제시,False,False,False,True,2.925
전라북도,임실군,203090000,0,45750,45,28606.0,570316333.3333334,mrpizza,전라북도 임실군,False,False,False,True,2.808
전라북도,익산시,210006000,1,45140,45,291001.0,570316333.3333334,mrpizza,전라북도 익산시,False,False,False,True,2.716
전라북도,완주군,202284000,1,45710,45,93382.0,570316333.3333334,mrpizza,전라북도 완주군,False,False,False,True,2.819
전라북도,부안군,198852000,0,45800,45,54030.0,570316333.3333334,mrpizza,전라북도 부안군,False,False,False,True,2.868
전라북도,남원시,204858000,1,45190,45,82095.0,570316333.3333334,mrpizza,전라북도 남원시,False,False,False,True,2.784
전라북도,전주시,223305000,2,45111,45,653694.0,570316333.3333334,mrpizza,전라북도 전주시,False,False,False,True,2.554
제주특별자치도,서귀포시,282000000,0,50130,50,181505.0,465145333.3333333,mrpizza,제주특별자치도 서귀포시,False,False,False,True,1.649
제주특별자치도,제주시,296820000,2,50110,50,487143.0,465145333.3333333,mrpizza,제주특별자치도 제주시,False,False,False,True,1.567
충청남도,홍성군,223734000,0,44800,44,101037.0,496846666.6666667,mrpizza,충청남도 홍성군,False,False,False,True,2.221
충청남도,태안군,204429000,0,44825,44,63062.0,496846666.6666667,mrpizza,충청남도 태안군,False,False,False,True,2.43
충청남도,청양군,196278000,0,44790,44,31642.0,496846666.6666667,mrpizza,충청남도 청양군,False,False,False,True,2.531
충청남도,천안시,235317000,6,44131,44,649107.0,496846666.6666667,mrpizza,충청남도 천안시,False,False,False,True,2.111
충청남도,예산군,182121000,1,44810,44,79791.0,496846666.6666667,mrpizza,충청남도 예산군,False,False,False,True,2.728
충청남도,아산시,222447000,1,44200,44,313537.0,496846666.6666667,mrpizza,충청남도 아산시,False,False,False,True,2.234
충청남도,부여군,200568000,1,44760,44,67524.0,496846666.6666667,mrpizza,충청남도 부여군,False,False,False,True,2.477
충청남도,계룡시,210006000,0,44250,44,43378.0,496846666.6666667,mrpizza,충청남도 계룡시,False,False,False,True,2.366
충청남도,공주시,212151000,0,44150,44,107036.0,496846666.6666667,mrpizza,충청남도 공주시,False,False,False,True,2.342
충청남도,서천군,189414000,0,44770,44,53462.0,496846666.6666667,mrpizza,충청남도 서천군,False,False,False,True,2.623
충청남도,서산시,222018000,0,44210,44,174344.0,496846666.6666667,mrpizza,충청남도 서산시,False,False,False,True,2.238
충청남도,논산시,201855000,1,44230,44,120005.0,496846666.6666667,mrpizza,충청남도 논산시,False,False,False,True,2.461
충청남도,당진시,225020999,1,44270,44,167481.0,496846666.6666667,mrpizza,충청남도 당진시,False,False,False,True,2.208
충청남도,보령시,210006000,1,44180,44,101549.0,496846666.6666667,mrpizza,충청남도 보령시,False,False,False,True,2.366
충청남도,금산군,220730999,1,44710,44,52957.0,496846666.6666667,mrpizza,충청남도 금산군,False,False,False,True,2.251
충청북도,괴산군,222018000,0,43760,43,38133.0,489755000.0,mrpizza,충청북도 괴산군,False,False,False,True,2.206
충청북도,보은군,182550000,0,43720,43,33448.0,489755000.0,mrpizza,충청북도 보은군,False,False,False,True,2.683
충청북도,영동군,190272000,0,43740,43,49179.0,489755000.0,mrpizza,충청북도 영동군,False,False,False,True,2.574
충청북도,옥천군,211293000,0,43730,43,51371.0,489755000.0,mrpizza,충청북도 옥천군,False,False,False,True,2.318
충청북도,제천시,201855000,1,43150,43,135243.0,489755000.0,mrpizza,충청북도 제천시,False,False,False,True,2.426
충청북도,증평군,202713000,1,43745,43,37378.0,489755000.0,mrpizza,충청북도 증평군,False,False,False,True,2.416
충청북도,진천군,213867000,1,43750,43,79919.0,489755000.0,mrpizza,충청북도 진천군,False,False,False,True,2.29
충청북도,청주시,231455999,4,43111,43,838887.0,489755000.0,mrpizza,충청북도 청주시,False,False,False,True,2.116
충청북도,충주시,213438000,0,43130,43,210463.0,489755000.0,mrpizza,충청북도 충주시,False,False,False,True,2.295
충청북도,음성군,206145000,0,43770,43,95375.0,489755000.0,mrpizza,충청북도 음성군,False,False,False,True,2.376
강원도,강릉시,360097000,1,42150,42,213106.0,726643666.6666666,pizzahut,강원도 강릉시,False,False,True,False,2.018
강원도,정선군,336850000,0,42770,42,37438.0,726643666.6666666,pizzahut,강원도 정선군,False,False,True,False,2.157
강원도,화천군,362770000,0,42790,42,24979.0,726643666.6666666,pizzahut,강원도 화천군,False,False,True,False,2.003
강원도,홍천군,360988000,0,42720,42,69646.0,726643666.6666666,pizzahut,강원도 홍천군,False,False,True,False,2.013
강원도,평창군,336931000,0,42760,42,42435.0,726643666.6666666,pizzahut,강원도 평창군,False,False,True,False,2.157
강원도,태백시,304855000,0,42190,42,44415.0,726643666.6666666,pizzahut,강원도 태백시,False,False,True,False,2.384
강원도,춘천시,374353000,2,42110,42,280098.0,726643666.6666666,pizzahut,강원도 춘천시,False,False,True,False,1.941
강원도,철원군,310201000,0,42780,42,45840.0,726643666.6666666,pizzahut,강원도 철원군,False,False,True,False,2.342
강원도,인제군,315547000,0,42810,42,31902.0,726643666.6666666,pizzahut,강원도 인제군,False,False,True,False,2.303
강원도,횡성군,311983000,0,42730,42,46767.0,726643666.6666666,pizzahut,강원도 횡성군,False,False,True,False,2.329
강원도,영월군,254068000,0,42750,42,39440.0,726643666.6666666,pizzahut,강원도 영월군,False,False,True,False,2.86
강원도,양양군,350620000,0,42830,42,27519.0,726643666.6666666,pizzahut,강원도 양양군,False,False,True,False,2.072
강원도,양구군,313765000,0,42800,42,23279.0,726643666.6666666,pizzahut,강원도 양구군,False,False,True,False,2.316
강원도,속초시,352078000,1,42210,42,81497.0,726643666.6666666,pizzahut,강원도 속초시,False,False,True,False,2.064
강원도,삼척시,309310000,0,42230,42,68053.0,726643666.6666666,pizzahut,강원도 삼척시,False,False,True,False,2.349
강원도,동해시,318220000,1,42170,42,90808.0,726643666.6666666,pizzahut,강원도 동해시,False,False,True,False,2.283
강원도,고성군,320002000,0,42820,42,27860.0,726643666.6666666,pizzahut,강원도 고성군,False,False,True,False,2.271
강원도,원주시,362770000,3,42130,42,345712.0,726643666.6666666,pizzahut,강원도 원주시,False,False,True,False,2.003
경기도,양평군,419793999,1,41830,41,116084.0,602323000.0,pizzahut,경기도 양평군,False,False,True,False,1.435
경기도,여주시,368116000,1,41670,41,111143.0,602323000.0,pizzahut,경기도 여주시,False,False,True,False,1.636
경기도,연천군,336931000,0,41800,41,44187.0,602323000.0,pizzahut,경기도 연천군,False,False,True,False,1.788
경기도,오산시,406428999,2,41370,41,220081.0,602323000.0,pizzahut,경기도 오산시,False,False,True,False,1.482
경기도,용인시,515131000,8,41461,41,1042229.0,602323000.0,pizzahut,경기도 용인시,False,False,True,False,1.169
경기도,의왕시,576610000,0,41430,41,157090.0,602323000.0,pizzahut,경기도 의왕시,False,False,True,False,1.045
경기도,파주시,426031000,2,41480,41,453366.0,602323000.0,pizzahut,경기도 파주시,False,False,True,False,1.414
경기도,이천시,405538000,1,41500,41,214814.0,602323000.0,pizzahut,경기도 이천시,False,False,True,False,1.485
경기도,평택시,401973999,4,41220,41,500787.0,602323000.0,pizzahut,경기도 평택시,False,False,True,False,1.498
경기도,포천시,361878999,2,41650,41,149603.0,602323000.0,pizzahut,경기도 포천시,False,False,True,False,1.664
경기도,화성시,494638000,5,41590,41,781507.0,602323000.0,pizzahut,경기도 화성시,False,False,True,False,1.218
경기도,양주시,389500000,1,41630,41,219789.0,602323000.0,pizzahut,경기도 양주시,False,False,True,False,1.546
경기도,의정부시,440286999,4,41150,41,450332.0,602323000.0,pizzahut,경기도 의정부시,False,False,True,False,1.368
경기도,안양시,629178999,4,41171,41,573296.0,602323000.0,pizzahut,경기도 안양시,False,False,True,False,0.957
경기도,하남시,718279000,2,41450,41,262261.0,602323000.0,pizzahut,경기도 하남시,False,False,True,False,0.839
경기도,안산시,474145000,5,41271,41,657988.0,602323000.0,pizzahut,경기도 안산시,False,False,True,False,1.27
경기도,안성시,354751000,1,41550,41,183665.0,602323000.0,pizzahut,경기도 안성시,False,False,True,False,1.698
경기도,가평군,356533000,0,41820,41,62740.0,602323000.0,pizzahut,경기도 가평군,False,False,True,False,1.689
경기도,고양시,505330000,7,41281,41,1045533.0,602323000.0,pizzahut,경기도 고양시,False,False,True,False,1.192
경기도,과천시,1272481000,1,41290,41,58218.0,602323000.0,pizzahut,경기도 과천시,False,False,True,False,0.473
경기도,광주시,443851000,1,41610,41,366092.0,602323000.0,pizzahut,경기도 광주시,False,False,True,False,1.357
경기도,구리시,602448999,1,41310,41,201952.0,602323000.0,pizzahut,경기도 구리시,False,False,True,False,1.0
경기도,군포시,525823000,2,41410,41,275207.0,602323000.0,pizzahut,경기도 군포시,False,False,True,False,1.145
경기도,광명시,696895000,2,41210,41,323527.0,602323000.0,pizzahut,경기도 광명시,False,False,True,False,0.864
경기도,남양주시,461671000,6,41360,41,687575.0,602323000.0,pizzahut,경기도 남양주시,False,False,True,False,1.305
경기도,동두천시,355642000,1,41250,41,95375.0,602323000.0,pizzahut,경기도 동두천시,False,False,True,False,1.694
경기도,부천시,522259000,6,41190,41,837937.0,602323000.0,pizzahut,경기도 부천시,False,False,True,False,1.153
경기도,성남시,805597000,8,41131,41,949316.0,602323000.0,pizzahut,경기도 성남시,False,False,True,False,0.748
경기도,수원시,520477000,7,41111,41,1198461.0,602323000.0,pizzahut,경기도 수원시,False,False,True,False,1.157
경기도,시흥시,449196999,4,41390,41,459601.0,602323000.0,pizzahut,경기도 시흥시,False,False,True,False,1.341
경기도,김포시,477709000,2,41570,41,429752.0,602323000.0,pizzahut,경기도 김포시,False,False,True,False,1.261
경상남도,창원시,419793999,6,48121,48,1049897.0,518211666.6666667,pizzahut,경상남도 창원시,False,False,True,False,1.234
경상남도,남해군,308419000,0,48840,48,44163.0,518211666.6666667,pizzahut,경상남도 남해군,False,False,True,False,1.68
경상남도,합천군,294163000,0,48890,48,45679.0,518211666.6666667,pizzahut,경상남도 합천군,False,False,True,False,1.762
경상남도,함양군,352968999,0,48870,48,39922.0,518211666.6666667,pizzahut,경상남도 함양군,False,False,True,False,1.468
경상남도,하동군,318760000,0,48850,48,47056.0,518211666.6666667,pizzahut,경상남도 하동군,False,False,True,False,1.626
경상남도,통영시,362770000,1,48220,48,132676.0,518211666.6666667,pizzahut,경상남도 통영시,False,False,True,False,1.428
경상남도,창녕군,291490000,0,48740,48,62860.0,518211666.6666667,pizzahut,경상남도 창녕군,False,False,True,False,1.778
경상남도,양산시,395736999,3,48330,48,349925.0,518211666.6666667,pizzahut,경상남도 양산시,False,False,True,False,1.309
경상남도,산청군,356830000,0,48860,48,35713.0,518211666.6666667,pizzahut,경상남도 산청군,False,False,True,False,1.452
경상남도,사천시,352968999,2,48240,48,112975.0,518211666.6666667,pizzahut,경상남도 사천시,False,False,True,False,1.468
경상남도,밀양시,368116000,1,48270,48,106240.0,518211666.6666667,pizzahut,경상남도 밀양시,False,False,True,False,1.408
경상남도,김해시,393063999,3,48250,48,536707.0,518211666.6666667,pizzahut,경상남도 김해시,False,False,True,False,1.318
경상남도,거창군,342277000,0,48880,48,62676.0,518211666.6666667,pizzahut,경상남도 거창군,False,False,True,False,1.514
경상남도,거제시,371680000,3,48310,48,248856.0,518211666.6666667,pizzahut,경상남도 거제시,False,False,True,False,1.394
경상남도,함안군,308419000,0,48730,48,66406.0,518211666.6666667,pizzahut,경상남도 함안군,False,False,True,False,1.68
경상남도,진주시,393955000,2,48170,48,346678.0,518211666.6666667,pizzahut,경상남도 진주시,False,False,True,False,1.315
경상북도,영천시,323566000,0,47230,47,101360.0,497779000.0,pizzahut,경상북도 영천시,False,False,True,False,1.538
경상북도,포항시,363661000,3,47111,47,509064.0,497779000.0,pizzahut,경상북도 포항시,False,False,True,False,1.369
경상북도,칠곡군,320002000,0,47850,47,118389.0,497779000.0,pizzahut,경상북도 칠곡군,False,False,True,False,1.556
경상북도,예천군,403756000,0,47900,47,54290.0,497779000.0,pizzahut,경상북도 예천군,False,False,True,False,1.233
경상북도,영주시,326239000,1,47210,47,106100.0,497779000.0,pizzahut,경상북도 영주시,False,False,True,False,1.526
경상북도,경산시,399301000,1,47290,47,261087.0,497779000.0,pizzahut,경상북도 경산시,False,False,True,False,1.247
경상북도,성주군,318220000,0,47840,47,44312.0,497779000.0,pizzahut,경상북도 성주군,False,False,True,False,1.564
경상북도,상주시,318220000,1,47250,47,100051.0,497779000.0,pizzahut,경상북도 상주시,False,False,True,False,1.564
경상북도,문경시,349405000,1,47280,47,71939.0,497779000.0,pizzahut,경상북도 문경시,False,False,True,False,1.425
경상북도,김천시,310201000,2,47150,47,141397.0,497779000.0,pizzahut,경상북도 김천시,False,False,True,False,1.605
경상북도,경주시,361878999,1,47130,47,256426.0,497779000.0,pizzahut,경상북도 경주시,False,False,True,False,1.376
경상북도,안동시,338713000,1,47170,47,160737.0,497779000.0,pizzahut,경상북도 안동시,False,False,True,False,1.47
경상북도,구미시,352078000,3,47190,47,420294.0,497779000.0,pizzahut,경상북도 구미시,False,False,True,False,1.414
광주광역시,광산구,407320000,2,29200,29,406384.0,643043666.6666666,pizzahut,광주광역시 광산구,False,False,True,False,1.579
광주광역시,남구,440286999,1,29155,29,217949.0,643043666.6666666,pizzahut,광주광역시 남구,False,False,True,False,1.461
광주광역시,동구,369007000,1,29110,29,95743.0,643043666.6666666,pizzahut,광주광역시 동구,False,False,True,False,1.743
광주광역시,북구,375243999,3,29170,29,436188.0,643043666.6666666,pizzahut,광주광역시 북구,False,False,True,False,1.714
광주광역시,서구,416230000,2,29140,29,301909.0,643043666.6666666,pizzahut,광주광역시 서구,False,False,True,False,1.545
대구광역시,달성군,434941000,0,27710,27,253800.0,587146666.6666666,pizzahut,대구광역시 달성군,False,False,True,False,1.35
대구광역시,수성구,570373000,3,27260,27,431613.0,587146666.6666666,pizzahut,대구광역시 수성구,False,False,True,False,1.029
대구광역시,달서구,448306000,4,27290,27,571682.0,587146666.6666666,pizzahut,대구광역시 달서구,False,False,True,False,1.31
대구광역시,중구,533842000,0,27110,27,78504.0,587146666.6666666,pizzahut,대구광역시 중구,False,False,True,False,1.1
대전광역시,대덕구,375243999,1,30230,30,180249.0,411980000.0,pizzahut,대전광역시 대덕구,False,False,True,False,1.098
대전광역시,유성구,455434000,4,30200,30,349868.0,411980000.0,pizzahut,대전광역시 유성구,False,False,True,False,0.905
부산광역시,해운대구,536515000,3,26350,26,408384.0,801248000.0,pizzahut,부산광역시 해운대구,False,False,True,False,1.493
부산광역시,연제구,506221000,1,26470,26,209712.0,801248000.0,pizzahut,부산광역시 연제구,False,False,True,False,1.583
부산광역시,영도구,384153999,1,26200,26,119045.0,801248000.0,pizzahut,부산광역시 영도구,False,False,True,False,2.086
부산광역시,수영구,556117000,1,26500,26,175744.0,801248000.0,pizzahut,부산광역시 수영구,False,False,True,False,1.441
부산광역시,동래구,502657000,2,26260,26,267567.0,801248000.0,pizzahut,부산광역시 동래구,False,False,True,False,1.594
부산광역시,사상구,400191999,1,26530,26,221994.0,801248000.0,pizzahut,부산광역시 사상구,False,False,True,False,2.002
부산광역시,부산진구,450978999,3,26230,26,359247.0,801248000.0,pizzahut,부산광역시 부산진구,False,False,True,False,1.777
부산광역시,기장군,426921999,1,26710,26,165024.0,801248000.0,pizzahut,부산광역시 기장군,False,False,True,False,1.877
부산광역시,사하구,390391000,3,26380,26,325166.0,801248000.0,pizzahut,부산광역시 사하구,False,False,True,False,2.052
부산광역시,금정구,499984000,1,26410,26,241986.0,801248000.0,pizzahut,부산광역시 금정구,False,False,True,False,1.603
부산광역시,강서구,458998000,1,26440,26,126333.0,801248000.0,pizzahut,부산광역시 강서구,False,False,True,False,1.746
서울특별시,중랑구,603340000,3,11260,11,401546.0,627211333.3333334,pizzahut,서울특별시 중랑구,False,False,True,False,1.04
서울특별시,종로구,875986000,5,11110,11,152495.0,627211333.3333334,pizzahut,서울특별시 종로구,False,False,True,False,0.716
서울특별시,은평구,682638999,4,11380,11,484267.0,627211333.3333334,pizzahut,서울특별시 은평구,False,False,True,False,0.919
서울특별시,용산구,1147741000,3,11170,11,228940.0,627211333.3333334,pizzahut,서울특별시 용산구,False,False,True,False,0.546
서울특별시,영등포구,881332000,3,11560,11,368874.0,627211333.3333334,pizzahut,서울특별시 영등포구,False,False,True,False,0.712
서울특별시,양천구,929446000,4,11470,11,462126.0,627211333.3333334,pizzahut,서울특별시 양천구,False,False,True,False,0.675
서울특별시,성북구,701350000,4,11290,11,439754.0,627211333.3333334,pizzahut,서울특별시 성북구,False,False,True,False,0.894
서울특별시,성동구,979342000,3,11200,11,305785.0,627211333.3333334,pizzahut,서울특별시 성동구,False,False,True,False,0.64
서울특별시,서초구,1472956000,5,11650,11,432336.0,627211333.3333334,pizzahut,서울특별시 서초구,False,False,True,False,0.426
서울특별시,송파구,1180708000,6,11710,11,679824.0,627211333.3333334,pizzahut,서울특별시 송파구,False,False,True,False,0.531
서울특별시,마포구,947266000,4,11440,11,374824.0,627211333.3333334,pizzahut,서울특별시 마포구,False,False,True,False,0.662
서울특별시,동작구,868858000,4,11590,11,399118.0,627211333.3333334,pizzahut,서울특별시 동작구,False,False,True,False,0.722
서울특별시,동대문구,734317000,2,11230,11,346312.0,627211333.3333334,pizzahut,서울특별시 동대문구,False,False,True,False,0.854
서울특별시,강남구,1538890000,8,11680,11,542108.0,627211333.3333334,pizzahut,서울특별시 강남구,False,False,True,False,0.408
서울특별시,도봉구,583738000,2,11320,11,337346.0,627211333.3333334,pizzahut,서울특별시 도봉구,False,False,True,False,1.074
서울특별시,노원구,652345000,3,11350,11,539884.0,627211333.3333334,pizzahut,서울특별시 노원구,False,False,True,False,0.961
서울특별시,금천구,603340000,2,11545,11,234173.0,627211333.3333334,pizzahut,서울특별시 금천구,False,False,True,False,1.04
서울특별시,구로구,653236000,4,11530,11,405516.0,627211333.3333334,pizzahut,서울특별시 구로구,False,False,True,False,0.96
서울특별시,광진구,907171000,3,11215,11,354344.0,627211333.3333334,pizzahut,서울특별시 광진구,False,False,True,False,0.691
서울특별시,관악구,683530000,4,11620,11,502251.0,627211333.3333334,pizzahut,서울특별시 관악구,False,False,True,False,0.918
서울특별시,서대문구,760156000,2,11410,11,311586.0,627211333.3333334,pizzahut,서울특별시 서대문구,False,False,True,False,0.825
서울특별시,강동구,918754000,3,11740,11,424727.0,627211333.3333334,pizzahut,서울특별시 강동구,False,False,True,False,0.683
서울특별시,강북구,615813999,3,11305,11,316604.0,627211333.3333334,pizzahut,서울특별시 강북구,False,False,True,False,1.019
울산광역시,울주군,410883999,0,31710,31,222191.0,362167333.3333333,pizzahut,울산광역시 울주군,False,False,True,False,0.881
인천광역시,강화군,346732000,0,28710,28,68992.0,630267666.6666666,pizzahut,인천광역시 강화군,False,False,True,False,1.818
인천광역시,부평구,469690000,3,28237,28,520171.0,630267666.6666666,pizzahut,인천광역시 부평구,False,False,True,False,1.342
인천광역시,남동구,450978999,3,28200,28,536255.0,630267666.6666666,pizzahut,인천광역시 남동구,False,False,True,False,1.398
인천광역시,계양구,432268000,2,28245,28,308685.0,630267666.6666666,pizzahut,인천광역시 계양구,False,False,True,False,1.458
인천광역시,연수구,513349000,2,28185,28,352172.0,630267666.6666666,pizzahut,인천광역시 연수구,False,False,True,False,1.228
전라남도,영광군,284362000,0,46870,46,54040.0,573776000.0,pizzahut,전라남도 영광군,False,False,True,False,2.018
전라남도,해남군,327130000,0,46820,46,71214.0,573776000.0,pizzahut,전라남도 해남군,False,False,True,False,1.754
전라남도,여수시,385045000,2,46130,46,282946.0,573776000.0,pizzahut,전라남도 여수시,False,False,True,False,1.49
전라남도,화순군,325348000,0,46790,46,63499.0,573776000.0,pizzahut,전라남도 화순군,False,False,True,False,1.764
전라남도,보성군,309850000,0,46780,46,42262.0,573776000.0,pizzahut,전라남도 보성군,False,False,True,False,1.852
전라남도,고흥군,297160000,0,46770,46,65570.0,573776000.0,pizzahut,전라남도 고흥군,False,False,True,False,1.931
전라남도,광양시,312874000,2,46230,46,152104.0,573776000.0,pizzahut,전라남도 광양시,False,False,True,False,1.834
전라남도,구례군,341710000,0,46730,46,26474.0,573776000.0,pizzahut,전라남도 구례군,False,False,True,False,1.679
전라남도,순천시,341386000,2,46150,46,280361.0,573776000.0,pizzahut,전라남도 순천시,False,False,True,False,1.681
전라남도,완도군,363310000,0,46890,46,51213.0,573776000.0,pizzahut,전라남도 완도군,False,False,True,False,1.579
전라남도,나주시,337822000,0,46170,46,114815.0,573776000.0,pizzahut,전라남도 나주시,False,False,True,False,1.698
전라남도,목포시,344950000,1,46110,46,230930.0,573776000.0,pizzahut,전라남도 목포시,False,False,True,False,1.663
전라남도,무안군,396628000,1,46840,46,81808.0,573776000.0,pizzahut,전라남도 무안군,False,False,True,False,1.447
전라북도,고창군,325348000,0,45790,45,56407.0,435295333.3333333,pizzahut,전라북도 고창군,False,False,True,False,1.338
전라북도,군산시,327130000,2,45130,45,271781.0,435295333.3333333,pizzahut,전라북도 군산시,False,False,True,False,1.331
전라북도,정읍시,337822000,0,45180,45,111535.0,435295333.3333333,pizzahut,전라북도 정읍시,False,False,True,False,1.289
전라북도,김제시,308419000,0,45210,45,84734.0,435295333.3333333,pizzahut,전라북도 김제시,False,False,True,False,1.411
전라북도,임실군,325240000,0,45750,45,28606.0,435295333.3333333,pizzahut,전라북도 임실군,False,False,True,False,1.338
전라북도,익산시,339604000,2,45140,45,291001.0,435295333.3333333,pizzahut,전라북도 익산시,False,False,True,False,1.282
전라북도,완주군,323566000,0,45710,45,93382.0,435295333.3333333,pizzahut,전라북도 완주군,False,False,True,False,1.345
전라북도,부안군,316438000,0,45800,45,54030.0,435295333.3333333,pizzahut,전라북도 부안군,False,False,True,False,1.376
전라북도,남원시,328912000,0,45190,45,82095.0,435295333.3333333,pizzahut,전라북도 남원시,False,False,True,False,1.323
전라북도,전주시,367225000,2,45111,45,653694.0,435295333.3333333,pizzahut,전라북도 전주시,False,False,True,False,1.185
제주특별자치도,서귀포시,489130000,2,50130,50,181505.0,35063333.333333336,pizzahut,제주특별자치도 서귀포시,False,False,True,False,0.072
제주특별자치도,제주시,519910000,2,50110,50,487143.0,35063333.333333336,pizzahut,제주특별자치도 제주시,False,False,True,False,0.067
충청남도,홍성군,368116000,0,44800,44,101037.0,712920333.3333334,pizzahut,충청남도 홍성군,False,False,True,False,1.937
충청남도,태안군,328021000,0,44825,44,63062.0,712920333.3333334,pizzahut,충청남도 태안군,False,False,True,False,2.173
충청남도,청양군,311092000,0,44790,44,31642.0,712920333.3333334,pizzahut,충청남도 청양군,False,False,True,False,2.292
충청남도,천안시,392173000,3,44131,44,649107.0,712920333.3333334,pizzahut,충청남도 천안시,False,False,True,False,1.818
충청남도,예산군,281689000,0,44810,44,79791.0,712920333.3333334,pizzahut,충청남도 예산군,False,False,True,False,2.531
충청남도,아산시,365443000,2,44200,44,313537.0,712920333.3333334,pizzahut,충청남도 아산시,False,False,True,False,1.951
충청남도,부여군,320002000,0,44760,44,67524.0,712920333.3333334,pizzahut,충청남도 부여군,False,False,True,False,2.228
충청남도,계룡시,339604000,0,44250,44,43378.0,712920333.3333334,pizzahut,충청남도 계룡시,False,False,True,False,2.099
충청남도,공주시,344059000,1,44150,44,107036.0,712920333.3333334,pizzahut,충청남도 공주시,False,False,True,False,2.072
충청남도,서천군,296836000,0,44770,44,53462.0,712920333.3333334,pizzahut,충청남도 서천군,False,False,True,False,2.402
충청남도,서산시,364552000,0,44210,44,174344.0,712920333.3333334,pizzahut,충청남도 서산시,False,False,True,False,1.956
충청남도,논산시,322675000,1,44230,44,120005.0,712920333.3333334,pizzahut,충청남도 논산시,False,False,True,False,2.209
충청남도,당진시,370788999,1,44270,44,167481.0,712920333.3333334,pizzahut,충청남도 당진시,False,False,True,False,1.923
충청남도,보령시,339604000,0,44180,44,101549.0,712920333.3333334,pizzahut,충청남도 보령시,False,False,True,False,2.099
충청남도,금산군,361878999,0,44710,44,52957.0,712920333.3333334,pizzahut,충청남도 금산군,False,False,True,False,1.97
충청북도,괴산군,364552000,0,43760,43,38133.0,358965333.3333333,pizzahut,충청북도 괴산군,False,False,True,False,0.985
충청북도,보은군,282580000,0,43720,43,33448.0,358965333.3333333,pizzahut,충청북도 보은군,False,False,True,False,1.27
충청북도,영동군,298618000,0,43740,43,49179.0,358965333.3333333,pizzahut,충청북도 영동군,False,False,True,False,1.202
충청북도,옥천군,342277000,0,43730,43,51371.0,358965333.3333333,pizzahut,충청북도 옥천군,False,False,True,False,1.049
충청북도,제천시,322675000,1,43150,43,135243.0,358965333.3333333,pizzahut,충청북도 제천시,False,False,True,False,1.112
충청북도,증평군,324457000,0,43745,43,37378.0,358965333.3333333,pizzahut,충청북도 증평군,False,False,True,False,1.106
충청북도,진천군,347623000,0,43750,43,79919.0,358965333.3333333,pizzahut,충청북도 진천군,False,False,True,False,1.033
충청북도,청주시,384153999,5,43111,43,838887.0,358965333.3333333,pizzahut,충청북도 청주시,False,False,True,False,0.934
충청북도,충주시,346732000,1,43130,43,210463.0,358965333.3333333,pizzahut,충청북도 충주시,False,False,True,False,1.035
충청북도,음성군,331585000,0,43770,43,95375.0,358965333.3333333,pizzahut,충청북도 음성군,False,False,True,False,1.083
강원도,강릉시,370345000,1,42150,42,213106.0,549942666.6666666,domino,강원도 강릉시,False,True,False,False,1.485
강원도,정선군,348820000,0,42770,42,37438.0,549942666.6666666,domino,강원도 정선군,False,True,False,False,1.577
강원도,화천군,372820000,0,42790,42,24979.0,549942666.6666666,domino,강원도 화천군,False,True,False,False,1.475
강원도,홍천군,371170000,2,42720,42,69646.0,549942666.6666666,domino,강원도 홍천군,False,True,False,False,1.482
강원도,평창군,348895000,2,42760,42,42435.0,549942666.6666666,domino,강원도 평창군,False,True,False,False,1.576
강원도,태백시,319195000,1,42190,42,44415.0,549942666.6666666,domino,강원도 태백시,False,True,False,False,1.723
강원도,춘천시,383545000,2,42110,42,280098.0,549942666.6666666,domino,강원도 춘천시,False,True,False,False,1.434
강원도,철원군,324145000,1,42780,42,45840.0,549942666.6666666,domino,강원도 철원군,False,True,False,False,1.697
강원도,인제군,329095000,1,42810,42,31902.0,549942666.6666666,domino,강원도 인제군,False,True,False,False,1.671
강원도,횡성군,325795000,1,42730,42,46767.0,549942666.6666666,domino,강원도 횡성군,False,True,False,False,1.688
강원도,영월군,272170000,1,42750,42,39440.0,549942666.6666666,domino,강원도 영월군,False,True,False,False,2.021
강원도,양양군,361570000,0,42830,42,27519.0,549942666.6666666,domino,강원도 양양군,False,True,False,False,1.521
강원도,양구군,327445000,0,42800,42,23279.0,549942666.6666666,domino,강원도 양구군,False,True,False,False,1.679
강원도,속초시,362920000,1,42210,42,81497.0,549942666.6666666,domino,강원도 속초시,False,True,False,False,1.515
강원도,삼척시,323320000,1,42230,42,68053.0,549942666.6666666,domino,강원도 삼척시,False,True,False,False,1.701
강원도,동해시,331570000,1,42170,42,90808.0,549942666.6666666,domino,강원도 동해시,False,True,False,False,1.659
강원도,고성군,333220000,0,42820,42,27860.0,549942666.6666666,domino,강원도 고성군,False,True,False,False,1.65
강원도,원주시,372820000,4,42130,42,345712.0,549942666.6666666,domino,강원도 원주시,False,True,False,False,1.475
경기도,양평군,425619999,1,41830,41,116084.0,787219666.6666666,domino,경기도 양평군,False,True,False,False,1.85
경기도,여주시,377770000,2,41670,41,111143.0,787219666.6666666,domino,경기도 여주시,False,True,False,False,2.084
경기도,연천군,348895000,0,41800,41,44187.0,787219666.6666666,domino,경기도 연천군,False,True,False,False,2.256
경기도,오산시,413244999,2,41370,41,220081.0,787219666.6666666,domino,경기도 오산시,False,True,False,False,1.905
경기도,용인시,513895000,10,41461,41,1042229.0,787219666.6666666,domino,경기도 용인시,False,True,False,False,1.532
경기도,의왕시,570820000,2,41430,41,157090.0,787219666.6666666,domino,경기도 의왕시,False,True,False,False,1.379
경기도,파주시,431395000,4,41480,41,453366.0,787219666.6666666,domino,경기도 파주시,False,True,False,False,1.825
경기도,이천시,412420000,2,41500,41,214814.0,787219666.6666666,domino,경기도 이천시,False,True,False,False,1.909
경기도,평택시,409119999,5,41220,41,500787.0,787219666.6666666,domino,경기도 평택시,False,True,False,False,1.924
경기도,포천시,371994999,2,41650,41,149603.0,787219666.6666666,domino,경기도 포천시,False,True,False,False,2.116
경기도,화성시,494920000,6,41590,41,781507.0,787219666.6666666,domino,경기도 화성시,False,True,False,False,1.591
경기도,양주시,397570000,2,41630,41,219789.0,787219666.6666666,domino,경기도 양주시,False,True,False,False,1.98
경기도,의정부시,444594999,3,41150,41,450332.0,787219666.6666666,domino,경기도 의정부시,False,True,False,False,1.771
경기도,안양시,619494999,5,41171,41,573296.0,787219666.6666666,domino,경기도 안양시,False,True,False,False,1.271
경기도,하남시,701995000,1,41450,41,262261.0,787219666.6666666,domino,경기도 하남시,False,True,False,False,1.121
경기도,안산시,475945000,4,41271,41,657988.0,787219666.6666666,domino,경기도 안산시,False,True,False,False,1.654
경기도,안성시,365395000,2,41550,41,183665.0,787219666.6666666,domino,경기도 안성시,False,True,False,False,2.154
경기도,가평군,367045000,0,41820,41,62740.0,787219666.6666666,domino,경기도 가평군,False,True,False,False,2.145
경기도,고양시,504820000,10,41281,41,1045533.0,787219666.6666666,domino,경기도 고양시,False,True,False,False,1.559
경기도,과천시,1215145000,1,41290,41,58218.0,787219666.6666666,domino,경기도 과천시,False,True,False,False,0.648
경기도,광주시,447895000,3,41610,41,366092.0,787219666.6666666,domino,경기도 광주시,False,True,False,False,1.758
경기도,구리시,594744999,2,41310,41,201952.0,787219666.6666666,domino,경기도 구리시,False,True,False,False,1.324
경기도,군포시,523795000,2,41410,41,275207.0,787219666.6666666,domino,경기도 군포시,False,True,False,False,1.503
경기도,광명시,682195000,3,41210,41,323527.0,787219666.6666666,domino,경기도 광명시,False,True,False,False,1.154
경기도,남양주시,464395000,5,41360,41,687575.0,787219666.6666666,domino,경기도 남양주시,False,True,False,False,1.695
경기도,동두천시,366220000,1,41250,41,95375.0,787219666.6666666,domino,경기도 동두천시,False,True,False,False,2.15
경기도,부천시,520495000,8,41190,41,837937.0,787219666.6666666,domino,경기도 부천시,False,True,False,False,1.512
경기도,성남시,782845000,9,41131,41,949316.0,787219666.6666666,domino,경기도 성남시,False,True,False,False,1.006
경기도,수원시,518845000,12,41111,41,1198461.0,787219666.6666666,domino,경기도 수원시,False,True,False,False,1.517
경기도,시흥시,452844999,5,41390,41,459601.0,787219666.6666666,domino,경기도 시흥시,False,True,False,False,1.738
경기도,김포시,479245000,5,41570,41,429752.0,787219666.6666666,domino,경기도 김포시,False,True,False,False,1.643
경상남도,창원시,425619999,9,48121,48,1049897.0,717318333.3333334,domino,경상남도 창원시,False,True,False,False,1.685
경상남도,남해군,322495000,0,48840,48,44163.0,717318333.3333334,domino,경상남도 남해군,False,True,False,False,2.224
경상남도,합천군,309295000,0,48890,48,45679.0,717318333.3333334,domino,경상남도 합천군,False,True,False,False,2.319
경상남도,함양군,363744999,0,48870,48,39922.0,717318333.3333334,domino,경상남도 함양군,False,True,False,False,1.972
경상남도,하동군,332070000,0,48850,48,47056.0,717318333.3333334,domino,경상남도 하동군,False,True,False,False,2.16
경상남도,통영시,372820000,2,48220,48,132676.0,717318333.3333334,domino,경상남도 통영시,False,True,False,False,1.924
경상남도,창녕군,306820000,0,48740,48,62860.0,717318333.3333334,domino,경상남도 창녕군,False,True,False,False,2.338
경상남도,양산시,403344999,3,48330,48,349925.0,717318333.3333334,domino,경상남도 양산시,False,True,False,False,1.778
경상남도,산청군,367320000,0,48860,48,35713.0,717318333.3333334,domino,경상남도 산청군,False,True,False,False,1.953
경상남도,사천시,363744999,1,48240,48,112975.0,717318333.3333334,domino,경상남도 사천시,False,True,False,False,1.972
경상남도,밀양시,377770000,1,48270,48,106240.0,717318333.3333334,domino,경상남도 밀양시,False,True,False,False,1.899
경상남도,김해시,400869999,5,48250,48,536707.0,717318333.3333334,domino,경상남도 김해시,False,True,False,False,1.789
경상남도,거창군,353845000,1,48880,48,62676.0,717318333.3333334,domino,경상남도 거창군,False,True,False,False,2.027
경상남도,거제시,381070000,4,48310,48,248856.0,717318333.3333334,domino,경상남도 거제시,False,True,False,False,1.882
경상남도,함안군,322495000,0,48730,48,66406.0,717318333.3333334,domino,경상남도 함안군,False,True,False,False,2.224
경상남도,진주시,401695000,3,48170,48,346678.0,717318333.3333334,domino,경상남도 진주시,False,True,False,False,1.786
경상북도,영천시,336520000,1,47230,47,101360.0,641763666.6666666,domino,경상북도 영천시,False,True,False,False,1.907
경상북도,포항시,373645000,5,47111,47,509064.0,641763666.6666666,domino,경상북도 포항시,False,True,False,False,1.718
경상북도,칠곡군,333220000,1,47850,47,118389.0,641763666.6666666,domino,경상북도 칠곡군,False,True,False,False,1.926
경상북도,예천군,410770000,1,47900,47,54290.0,641763666.6666666,domino,경상북도 예천군,False,True,False,False,1.562
경상북도,영주시,338995000,1,47210,47,106100.0,641763666.6666666,domino,경상북도 영주시,False,True,False,False,1.893
경상북도,경산시,406645000,3,47290,47,261087.0,641763666.6666666,domino,경상북도 경산시,False,True,False,False,1.578
경상북도,성주군,331570000,0,47840,47,44312.0,641763666.6666666,domino,경상북도 성주군,False,True,False,False,1.936
경상북도,상주시,331570000,1,47250,47,100051.0,641763666.6666666,domino,경상북도 상주시,False,True,False,False,1.936
경상북도,문경시,360445000,1,47280,47,71939.0,641763666.6666666,domino,경상북도 문경시,False,True,False,False,1.78
경상북도,김천시,324145000,2,47150,47,141397.0,641763666.6666666,domino,경상북도 김천시,False,True,False,False,1.98
경상북도,경주시,371994999,2,47130,47,256426.0,641763666.6666666,domino,경상북도 경주시,False,True,False,False,1.725
경상북도,안동시,350545000,1,47170,47,160737.0,641763666.6666666,domino,경상북도 안동시,False,True,False,False,1.831
경상북도,구미시,362920000,4,47190,47,420294.0,641763666.6666666,domino,경상북도 구미시,False,True,False,False,1.768
광주광역시,광산구,414070000,3,29200,29,406384.0,966534666.6666666,domino,광주광역시 광산구,False,True,False,False,2.334
광주광역시,남구,444594999,2,29155,29,217949.0,966534666.6666666,domino,광주광역시 남구,False,True,False,False,2.174
광주광역시,동구,378595000,1,29110,29,95743.0,966534666.6666666,domino,광주광역시 동구,False,True,False,False,2.553
광주광역시,북구,384369999,3,29170,29,436188.0,966534666.6666666,domino,광주광역시 북구,False,True,False,False,2.515
광주광역시,서구,422320000,2,29140,29,301909.0,966534666.6666666,domino,광주광역시 서구,False,True,False,False,2.289
대구광역시,달성군,439645000,3,27710,27,253800.0,800113000.0,domino,대구광역시 달성군,False,True,False,False,1.82
대구광역시,수성구,565045000,4,27260,27,431613.0,800113000.0,domino,대구광역시 수성구,False,True,False,False,1.416
대구광역시,달서구,452020000,4,27290,27,571682.0,800113000.0,domino,대구광역시 달서구,False,True,False,False,1.77
대구광역시,중구,531220000,2,27110,27,78504.0,800113000.0,domino,대구광역시 중구,False,True,False,False,1.506
대전광역시,대덕구,384369999,2,30230,30,180249.0,701767333.3333334,domino,대전광역시 대덕구,False,True,False,False,1.826
대전광역시,유성구,458620000,3,30200,30,349868.0,701767333.3333334,domino,대전광역시 유성구,False,True,False,False,1.53
부산광역시,해운대구,533695000,4,26350,26,408384.0,735865333.3333334,domino,부산광역시 해운대구,False,True,False,False,1.379
부산광역시,연제구,505645000,2,26470,26,209712.0,735865333.3333334,domino,부산광역시 연제구,False,True,False,False,1.455
부산광역시,영도구,392619999,1,26200,26,119045.0,735865333.3333334,domino,부산광역시 영도구,False,True,False,False,1.874
부산광역시,수영구,551845000,1,26500,26,175744.0,735865333.3333334,domino,부산광역시 수영구,False,True,False,False,1.333
부산광역시,동래구,502345000,2,26260,26,267567.0,735865333.3333334,domino,부산광역시 동래구,False,True,False,False,1.465
부산광역시,사상구,407469999,2,26530,26,221994.0,735865333.3333334,domino,부산광역시 사상구,False,True,False,False,1.806
부산광역시,부산진구,454494999,3,26230,26,359247.0,735865333.3333334,domino,부산광역시 부산진구,False,True,False,False,1.619
부산광역시,기장군,432219999,2,26710,26,165024.0,735865333.3333334,domino,부산광역시 기장군,False,True,False,False,1.703
부산광역시,사하구,398395000,3,26380,26,325166.0,735865333.3333334,domino,부산광역시 사하구,False,True,False,False,1.847
부산광역시,금정구,499870000,2,26410,26,241986.0,735865333.3333334,domino,부산광역시 금정구,False,True,False,False,1.472
부산광역시,강서구,461920000,1,26440,26,126333.0,735865333.3333334,domino,부산광역시 강서구,False,True,False,False,1.593
서울특별시,중랑구,595570000,2,11260,11,401546.0,930407333.3333334,domino,서울특별시 중랑구,False,True,False,False,1.562
서울특별시,종로구,848020000,3,11110,11,152495.0,930407333.3333334,domino,서울특별시 종로구,False,True,False,False,1.097
서울특별시,은평구,668994999,5,11380,11,484267.0,930407333.3333334,domino,서울특별시 은평구,False,True,False,False,1.391
서울특별시,용산구,1099645000,4,11170,11,228940.0,930407333.3333334,domino,서울특별시 용산구,False,True,False,False,0.846
서울특별시,영등포구,852970000,5,11560,11,368874.0,930407333.3333334,domino,서울특별시 영등포구,False,True,False,False,1.091
서울특별시,양천구,897520000,3,11470,11,462126.0,930407333.3333334,domino,서울특별시 양천구,False,True,False,False,1.037
서울특별시,성북구,686320000,2,11290,11,439754.0,930407333.3333334,domino,서울특별시 성북구,False,True,False,False,1.356
서울특별시,성동구,943720000,4,11200,11,305785.0,930407333.3333334,domino,서울특별시 성동구,False,True,False,False,0.986
서울특별시,서초구,1400770000,7,11650,11,432336.0,930407333.3333334,domino,서울특별시 서초구,False,True,False,False,0.664
서울특별시,송파구,1130170000,9,11710,11,679824.0,930407333.3333334,domino,서울특별시 송파구,False,True,False,False,0.823
서울특별시,마포구,914020000,4,11440,11,374824.0,930407333.3333334,domino,서울특별시 마포구,False,True,False,False,1.018
서울특별시,동작구,841420000,3,11590,11,399118.0,930407333.3333334,domino,서울특별시 동작구,False,True,False,False,1.106
서울특별시,동대문구,716845000,5,11230,11,346312.0,930407333.3333334,domino,서울특별시 동대문구,False,True,False,False,1.298
서울특별시,강남구,1461820000,7,11680,11,542108.0,930407333.3333334,domino,서울특별시 강남구,False,True,False,False,0.636
서울특별시,도봉구,577420000,2,11320,11,337346.0,930407333.3333334,domino,서울특별시 도봉구,False,True,False,False,1.611
서울특별시,노원구,640945000,5,11350,11,539884.0,930407333.3333334,domino,서울특별시 노원구,False,True,False,False,1.452
서울특별시,금천구,595570000,2,11545,11,234173.0,930407333.3333334,domino,서울특별시 금천구,False,True,False,False,1.562
서울특별시,구로구,641770000,4,11530,11,405516.0,930407333.3333334,domino,서울특별시 구로구,False,True,False,False,1.45
서울특별시,광진구,876895000,4,11215,11,354344.0,930407333.3333334,domino,서울특별시 광진구,False,True,False,False,1.061
서울특별시,관악구,669820000,4,11620,11,502251.0,930407333.3333334,domino,서울특별시 관악구,False,True,False,False,1.389
서울특별시,서대문구,740770000,3,11410,11,311586.0,930407333.3333334,domino,서울특별시 서대문구,False,True,False,False,1.256
서울특별시,강동구,887620000,4,11740,11,424727.0,930407333.3333334,domino,서울특별시 강동구,False,True,False,False,1.048
서울특별시,강북구,607119999,3,11305,11,316604.0,930407333.3333334,domino,서울특별시 강북구,False,True,False,False,1.532
울산광역시,울주군,417369999,3,31710,31,222191.0,726895333.3333334,domino,울산광역시 울주군,False,True,False,False,1.742
인천광역시,강화군,357970000,0,28710,28,68992.0,798447666.6666666,domino,인천광역시 강화군,False,True,False,False,2.23
인천광역시,부평구,471820000,3,28237,28,520171.0,798447666.6666666,domino,인천광역시 부평구,False,True,False,False,1.692
인천광역시,남동구,454494999,5,28200,28,536255.0,798447666.6666666,domino,인천광역시 남동구,False,True,False,False,1.757
인천광역시,계양구,437170000,2,28245,28,308685.0,798447666.6666666,domino,인천광역시 계양구,False,True,False,False,1.826
인천광역시,연수구,512245000,4,28185,28,352172.0,798447666.6666666,domino,인천광역시 연수구,False,True,False,False,1.559
전라남도,영광군,300220000,0,46870,46,54040.0,681123666.6666666,domino,전라남도 영광군,False,True,False,False,2.269
전라남도,해남군,339820000,0,46820,46,71214.0,681123666.6666666,domino,전라남도 해남군,False,True,False,False,2.004
전라남도,여수시,393445000,2,46130,46,282946.0,681123666.6666666,domino,전라남도 여수시,False,True,False,False,1.731
전라남도,화순군,338170000,0,46790,46,63499.0,681123666.6666666,domino,전라남도 화순군,False,True,False,False,2.014
전라남도,보성군,323820000,0,46780,46,42262.0,681123666.6666666,domino,전라남도 보성군,False,True,False,False,2.103
전라남도,고흥군,312070000,0,46770,46,65570.0,681123666.6666666,domino,전라남도 고흥군,False,True,False,False,2.183
전라남도,광양시,326620000,1,46230,46,152104.0,681123666.6666666,domino,전라남도 광양시,False,True,False,False,2.085
전라남도,구례군,353320000,0,46730,46,26474.0,681123666.6666666,domino,전라남도 구례군,False,True,False,False,1.928
전라남도,순천시,353020000,2,46150,46,280361.0,681123666.6666666,domino,전라남도 순천시,False,True,False,False,1.929
전라남도,완도군,373320000,0,46890,46,51213.0,681123666.6666666,domino,전라남도 완도군,False,True,False,False,1.825
전라남도,나주시,349720000,1,46170,46,114815.0,681123666.6666666,domino,전라남도 나주시,False,True,False,False,1.948
전라남도,목포시,356320000,2,46110,46,230930.0,681123666.6666666,domino,전라남도 목포시,False,True,False,False,1.912
전라남도,무안군,404170000,1,46840,46,81808.0,681123666.6666666,domino,전라남도 무안군,False,True,False,False,1.685
전라북도,고창군,338170000,0,45790,45,56407.0,803489333.3333334,domino,전라북도 고창군,False,True,False,False,2.376
전라북도,군산시,339820000,1,45130,45,271781.0,803489333.3333334,domino,전라북도 군산시,False,True,False,False,2.364
전라북도,정읍시,349720000,1,45180,45,111535.0,803489333.3333334,domino,전라북도 정읍시,False,True,False,False,2.298
전라북도,김제시,322495000,1,45210,45,84734.0,803489333.3333334,domino,전라북도 김제시,False,True,False,False,2.491
전라북도,임실군,338070000,0,45750,45,28606.0,803489333.3333334,domino,전라북도 임실군,False,True,False,False,2.377
전라북도,익산시,351370000,2,45140,45,291001.0,803489333.3333334,domino,전라북도 익산시,False,True,False,False,2.287
전라북도,완주군,336520000,1,45710,45,93382.0,803489333.3333334,domino,전라북도 완주군,False,True,False,False,2.388
전라북도,부안군,329920000,0,45800,45,54030.0,803489333.3333334,domino,전라북도 부안군,False,True,False,False,2.435
전라북도,남원시,341470000,1,45190,45,82095.0,803489333.3333334,domino,전라북도 남원시,False,True,False,False,2.353
전라북도,전주시,376945000,6,45111,45,653694.0,803489333.3333334,domino,전라북도 전주시,False,True,False,False,2.132
제주특별자치도,서귀포시,489820000,1,50130,50,181505.0,351021000.0,domino,제주특별자치도 서귀포시,False,True,False,False,0.717
제주특별자치도,제주시,518320000,3,50110,50,487143.0,351021000.0,domino,제주특별자치도 제주시,False,True,False,False,0.677
충청남도,홍성군,377770000,2,44800,44,101037.0,696082666.6666666,domino,충청남도 홍성군,False,True,False,False,1.843
충청남도,태안군,340645000,0,44825,44,63062.0,696082666.6666666,domino,충청남도 태안군,False,True,False,False,2.043
충청남도,청양군,324970000,0,44790,44,31642.0,696082666.6666666,domino,충청남도 청양군,False,True,False,False,2.142
충청남도,천안시,400045000,6,44131,44,649107.0,696082666.6666666,domino,충청남도 천안시,False,True,False,False,1.74
충청남도,예산군,297745000,0,44810,44,79791.0,696082666.6666666,domino,충청남도 예산군,False,True,False,False,2.338
충청남도,아산시,375295000,2,44200,44,313537.0,696082666.6666666,domino,충청남도 아산시,False,True,False,False,1.855
충청남도,부여군,333220000,0,44760,44,67524.0,696082666.6666666,domino,충청남도 부여군,False,True,False,False,2.089
충청남도,계룡시,351370000,1,44250,44,43378.0,696082666.6666666,domino,충청남도 계룡시,False,True,False,False,1.981
충청남도,공주시,355495000,1,44150,44,107036.0,696082666.6666666,domino,충청남도 공주시,False,True,False,False,1.958
충청남도,서천군,311770000,0,44770,44,53462.0,696082666.6666666,domino,충청남도 서천군,False,True,False,False,2.233
충청남도,서산시,374470000,2,44210,44,174344.0,696082666.6666666,domino,충청남도 서산시,False,True,False,False,1.859
충청남도,논산시,335695000,1,44230,44,120005.0,696082666.6666666,domino,충청남도 논산시,False,True,False,False,2.074
충청남도,당진시,380244999,1,44270,44,167481.0,696082666.6666666,domino,충청남도 당진시,False,True,False,False,1.831
충청남도,보령시,351370000,1,44180,44,101549.0,696082666.6666666,domino,충청남도 보령시,False,True,False,False,1.981
충청남도,금산군,371994999,0,44710,44,52957.0,696082666.6666666,domino,충청남도 금산군,False,True,False,False,1.871
충청북도,괴산군,374470000,0,43760,43,38133.0,763789333.3333334,domino,충청북도 괴산군,False,True,False,False,2.04
충청북도,보은군,298570000,0,43720,43,33448.0,763789333.3333334,domino,충청북도 보은군,False,True,False,False,2.558
충청북도,영동군,313420000,0,43740,43,49179.0,763789333.3333334,domino,충청북도 영동군,False,True,False,False,2.437
충청북도,옥천군,353845000,0,43730,43,51371.0,763789333.3333334,domino,충청북도 옥천군,False,True,False,False,2.159
충청북도,제천시,335695000,1,43150,43,135243.0,763789333.3333334,domino,충청북도 제천시,False,True,False,False,2.275
충청북도,증평군,337345000,1,43745,43,37378.0,763789333.3333334,domino,충청북도 증평군,False,True,False,False,2.264
충청북도,진천군,358795000,0,43750,43,79919.0,763789333.3333334,domino,충청북도 진천군,False,True,False,False,2.129
충청북도,청주시,392619999,7,43111,43,838887.0,763789333.3333334,domino,충청북도 청주시,False,True,False,False,1.945
충청북도,충주시,357970000,1,43130,43,210463.0,763789333.3333334,domino,충청북도 충주시,False,True,False,False,2.134
충청북도,음성군,343945000,2,43770,43,95375.0,763789333.3333334,domino,충청북도 음성군,False,True,False,False,2.221
