store,city,district,population,address,lng,lat,city_district
가락시영점,서울특별시,송파구,679824.0,서울특별시 송파구 가락로 63,127.10335479999999,37.499981299999995,서울특별시송파구
가락점,서울특별시,송파구,679824.0,서울특별시 송파구 송이로 93,127.1210598,37.4979552,서울특별시송파구
가양대교점,서울특별시,강서구,596233.0,서울특별시 강서구 화곡로68길 36,126.85637179999999,37.5585374,서울특별시강서구
가양점,서울특별시,강서구,596233.0,서울특별시 강서구 강서로 506,126.84201680000001,37.5705736,서울특별시강서구
가운점,경기도,남양주시,687575.0,경기도 남양주시 가운로2길 59,127.1571601,37.600438399999994,경기도남양주시
가재울점,서울특별시,서대문구,311586.0,서울특별시 서대문구 거북골로 120,126.9157281,37.576173499999996,서울특별시서대문구
가평점,경기도,가평읍,324417.0,경기도 가평군 가평읍 읍내리 가화로 122,127.51335,37.831024,경기도가평읍
간석2동점,인천광역시,남동구,536255.0,인천광역시 남동구 석산로184번길 1,126.71258030000001,37.460538299999996,인천광역시남동구
간성점,강원도,고성군,27860.0,강원도 고성군 간성읍 간성로 23,128.47234939999998,38.3786616,강원도고성군
갈현점,서울특별시,은평구,484267.0,서울특별시 은평구 갈현로 262,126.91634590000001,37.6202156,서울특별시은평구
강남대점,경기도,용인시,1042229.0,경기도 용인시 기흥구 강남로 8,127.1273364,37.2708911,경기도용인시
강릉교동점,강원도,강릉시,213106.0,강원도 강릉시 교동광장로 145,128.8809847,37.7643194,강원도강릉시
강릉주문진점,강원도,강릉시,213106.0,강원도 강릉시 주문진읍 주문로 7,128.8250279,37.8844585,강원도강릉시
강북경찰서점,서울특별시,강북구,316604.0,서울특별시 강북구 오패산로 405,127.0269324,37.6369398,서울특별시강북구
강원원통점,강원도,인제군,31902.0,강원도 인제군 북면 원통로 181,128.20394720000002,38.1232245,강원도인제군
강일점,서울특별시,강동구,424727.0,서울특별시 강동구 아리수로97길 19,127.1760274,37.5670476,서울특별시강동구
강화점,인천광역시,강화군,68992.0,인천광역시 강화군 강화읍 강화대로 432,126.4837009,37.7475267,인천광역시강화군
개롱점,서울특별시,송파구,679824.0,서울특별시 송파구 오금로 407,127.13639029999999,37.4980109,서울특별시송파구
개봉한진점,서울특별시,구로구,405516.0,서울특별시 구로구 개봉로3길 56,126.8532347,37.486350099999996,서울특별시구로구
개포1단지점,서울특별시,강남구,542108.0,서울특별시 강남구 선릉로6길 8,127.06170279999999,37.48256110000001,서울특별시강남구
개화산역점,서울특별시,강서구,596233.0,서울특별시 강서구 양천로 19,126.80602150000001,37.5727696,서울특별시강서구
거여역점,서울특별시,송파구,679824.0,서울특별시 송파구 양산로 42,127.1445023,37.4926414,서울특별시송파구
거창점,경상남도,거창군,62676.0,경상남도 거창군 거창읍 대동리 850-4 ,127.91511240000001,35.6874667,경상남도거창군
경남고성읍점,경상남도,고성군,27860.0,경상남도 고성군 고성읍 송학리 264-2,128.3259376,34.9773506,경상남도고성군
경남창녕읍점,경상남도,창녕군,62860.0,경상남도 창녕군 창녕읍 교상리 30-3,128.4998851,35.5404718,경상남도창녕군
경남합천점,경상남도,합천군,45679.0,경상남도 합천군 합천읍 합천리 592-2,128.1606477,35.567088700000006,경상남도합천군
경리단점,서울특별시,용산구,228940.0,서울특별시 용산구 회나무로13길 10,126.98959099999999,37.5397771,서울특별시용산구
경복궁역점,서울특별시,종로구,152495.0,서울특별시 종로구 자하문로 19,126.97180729999998,37.5777469,서울특별시종로구
경북전문대점,경상북도,영주시,106100.0,경상북도 영주시 대학로 80-1,128.615826,36.8078779,경상북도영주시
경산사동점,경상북도,경산시,261087.0,경상북도 경산시 사동 558 ,128.7541201,35.8203393,경상북도경산시
경신여고사거리점,광주광역시,북구,436188.0,광주광역시 북구 운암동 110-5 ,126.88963559999999,35.1727866,광주광역시북구
경희대점,서울특별시,동대문구,346312.0,서울특별시 동대문구 회기로 170,127.0548487,37.5902995,서울특별시동대문구
계룡점,충청남도,계룡시,43378.0,충청남도 계룡시 금암동 162-4 ,127.25192790000001,36.2732713,충청남도계룡시
계양구청점,인천광역시,계양구,308685.0,인천광역시 계양구 도두리로 33,126.73809890000001,37.53409600000001,인천광역시계양구
고덕점,서울특별시,강동구,424727.0,서울특별시 강동구 동남로71길 38,127.1540865,37.5520312,서울특별시강동구
고양능곡점,경기도,고양시,1045533.0,경기도 고양시 덕양구 토당로 125,126.8174643,37.626397,경기도고양시
고양도래울점,경기도,고양시,1045533.0,경기도 고양시 덕양구 도래울2로 3,126.8698746,37.630322799999995,경기도고양시
고양동점,경기도,고양시,1045533.0,경기도 고양시 덕양구 혜음로 30,126.90252690000001,37.702924700000004,경기도고양시
고양삼송점,경기도,고양시,1045533.0,경기도 고양시 덕양구 삼송로 94-12,126.8846119,37.6503429,경기도고양시
고양신원마을점,경기도,고양시,1045533.0,경기도 고양시 덕양구 권율대로 889,126.8894779,37.6634715,경기도고양시
고양원당점,경기도,고양시,1045533.0,경기도 고양시 덕양구 호국로790번길 52,126.83876629999999,37.6552217,경기도고양시
고잔법원점,경기도,안산시,657988.0,경기도 안산시 단원구 광덕1로 159,126.82716840000002,37.308155799999994,경기도안산시
고척점,서울특별시,구로구,405516.0,서울특별시 구로구 고척로 123-2,126.8479957,37.502294899999995,서울특별시구로구
고흥녹동점,전라남도,고흥군,65570.0,전라남도 고흥군 도양읍 천마로 86,127.1380503,34.530436,전라남도고흥군
곤지암점,경기도,광주시,366092.0,경기도 광주시 곤지암읍 곤지암로 72,127.3387513,37.3495445,경기도광주시
곰달래점,서울특별시,강서구,596233.0,서울특별시 강서구 곰달래로 272,126.8631828,37.5321866,서울특별시강서구
공릉점,서울특별시,노원구,539884.0,서울특별시 노원구 동일로192길 87,127.07758170000001,37.62767,서울특별시노원구
공주신관점,충청남도,공주시,107036.0,충청남도 공주시 신관동 653-6 ,127.13742590000001,36.4733237,충청남도공주시
공주중동점,충청남도,공주시,107036.0,충청남도 공주시 중동 218번지 ,127.12449509999999,36.453323299999994,충청남도공주시
공항시장역점,서울특별시,강서구,596233.0,서울특별시 강서구 공항대로3길 38,126.81065749999999,37.5632038,서울특별시강서구
관산점,경기도,고양시,1045533.0,경기도 고양시 덕양구 통일로768번길 9,126.86521880000001,37.6881525,경기도고양시
관악드림타운점,서울특별시,관악구,502251.0,서울특별시 관악구 은천로25길 63,126.94864240000001,37.4888441,서울특별시관악구
광교상현역점,경기도,용인시,1042229.0,경기도 용인시 수지구 광교중앙로 314,127.06974050000001,37.29787320000001,경기도용인시
광교웰빙타운점,경기도,수원시,1198461.0,경기도 수원시 영통구 대학로 103,127.0471611,37.3046533,경기도수원시
광교힐스테이트점,경기도,수원시,1198461.0,경기도 수원시 영통구 도청로 65,127.050467,37.287934,경기도수원시
광명금당사거리,경기도,광명시,323527.0,경기도 광명시 금당로 36,126.88199709999999,37.4588537,경기도광명시
광명새마을시장점,경기도,광명시,323527.0,경기도 광명시 광명로 837,126.8508481,37.474100899999996,경기도광명시
광명소하점,경기도,광명시,323527.0,경기도 광명시 기아로 9,126.88067659999999,37.4366392,경기도광명시
광명시청점,경기도,광명시,323527.0,경기도 광명시 오리로 932,126.8595885,37.478116,경기도광명시
광명점,경기도,광명시,323527.0,경기도 광명시 광복로 66,126.8656,37.4898263,경기도광명시
광양광영점,전라남도,광양시,152104.0,전라남도 광양시 금영로 132-1 ,127.7198129,34.9624542,전라남도광양시
광양마동점,전라남도,광양시,152104.0,전라남도 광양시 마동 1023-2 ,127.69006329999999,34.95486939999999,전라남도광양시
광양읍점,전라남도,광양시,152104.0,전라남도 광양시 광양읍 읍내리 285-2 ,127.5866282,34.975371200000005,전라남도광양시
광양중동점,전라남도,광양시,152104.0,전라남도 광양시 중동 1655 ,127.6934514,34.9368844,전라남도광양시
광장점,서울특별시,광진구,354344.0,서울특별시 광진구 아차산로 499,127.09704369999999,37.5418265,서울특별시광진구
광주1호점,경기도,광주시,366092.0,경기도 광주시 오포읍 마루들길 208,127.2547485,37.3783382,경기도광주시
광주경안점,경기도,광주시,366092.0,경기도 광주시 경안로 32,127.25728840000001,37.4098013,경기도광주시
광주광천점,광주광역시,서구,301909.0,광주광역시 서구 광천동 199-4 ,126.87837169999999,35.1658413,광주광역시서구
광주금호점,광주광역시,서구,301909.0,광주광역시 서구 금호동 805번지,126.8566197,35.131487,광주광역시서구
광주내방점,광주광역시,서구,301909.0,광주광역시 서구 내방동 576 ,126.873749,35.15658320000001,광주광역시서구
광주동림점,광주광역시,서구,301909.0,광주광역시 서구 동천동 658 동천주공6단지 104호,126.871605,35.1702485,광주광역시서구
광주두암2동점,광주광역시,북구,436188.0,광주광역시 북구 두암3동 916-6 ,126.93670929999999,35.1714199,광주광역시북구
광주문흥점,광주광역시,북구,436188.0,"광주광역시 북구 문흥동 995-6 ""모아상가""",126.9238014,35.1852289,광주광역시북구
광주백운점,광주광역시,남구,217949.0,광주광역시 남구 백운동 460 ,126.9061422,35.139364799999996,광주광역시남구
광주봉선시장점,광주광역시,남구,217949.0,"광주광역시 남구 봉선동 985 라인광장제2차상가 103,4호 ",126.90999040000001,35.1298302,광주광역시남구
광주봉선점,광주광역시,남구,217949.0,광주광역시 남구 봉선동 114-10 ,126.91279750000001,35.1236322,광주광역시남구
광주상무버들점,광주광역시,서구,301909.0,광주광역시 서구 유촌동 865-2 ,126.85977390000001,35.1646344,광주광역시서구
광주상무점,광주광역시,서구,301909.0,광주광역시 서구 치평동 1177-3 골드사우나102호 ,126.8477906,35.1487039,광주광역시서구
광주선운점,광주광역시,광산구,406384.0,광주광역시 광산구 선암동 ,126.7735129,35.150698999999996,광주광역시광산구
광주송정점,광주광역시,광산구,406384.0,광주광역시 광산구 송정동 895-1 ,126.7977274,35.13477020000001,광주광역시광산구
광주수완점(성덕교점),광주광역시,광산구,406384.0,"광주광역시 광산구 수완동 1428, 102호",126.82532309999999,35.19038360000001,광주광역시광산구
광주수완중흥점,광주광역시,광산구,406384.0,광주광역시 광산구 신가동 1280 ,126.81723500000001,35.1813406,광주광역시광산구
광주신창점,광주광역시,광산구,406384.0,광주광역시 광산구 신창동 1224-7 ,126.8373405,35.191824,광주광역시광산구
광주양산점,광주광역시,북구,436188.0,광주광역시 북구 양산동 875번지 ,126.87862240000001,35.21033629999999,광주광역시북구
광주양촌사거리점,경기도,광주시,366092.0,경기도 광주시 오포읍 양촌길 116-4,127.24674990000001,37.3703909,경기도광주시
광주연제점,광주광역시,북구,436188.0,광주광역시 북구 연제동 36-1 현대APT상가 104호 ,126.87132040000002,35.198885,광주광역시북구
광주염주점,광주광역시,서구,301909.0,광주광역시 서구 화정4동 919-7 ,126.87350409999999,35.1409056,광주광역시서구
광주오치점,광주광역시,북구,436188.0,광주광역시 북구 오치동 949-27,126.90283190000001,35.1873966,광주광역시북구
광주우산점,광주광역시,북구,436188.0,광주광역시 북구 문흥동 939-1,126.91713659999999,35.1790687,광주광역시북구
광주운남점,광주광역시,광산구,406384.0,"광주광역시 광산구 운남동 785-3 ""운남메디칼"" ",126.8143932,35.1753937,광주광역시광산구
광주운암점,광주광역시,북구,436188.0,광주광역시 북구 운암동 67번지 1-A ,126.87722120000001,35.1767689,광주광역시북구
광주월계점,광주광역시,광산구,406384.0,광주광역시 광산구 월계동 759-3 ,126.8360699,35.218103899999996,광주광역시광산구
광주일곡점,광주광역시,북구,436188.0,광주광역시 북구 일곡동 850-5 호반APT상가 103호 ,126.8967179,35.208181,광주광역시북구
광주장덕점,광주광역시,광산구,406384.0,광주광역시 광산구 장덕동 1390,126.81458429999999,35.1946036,광주광역시광산구
광주전대상대점,광주광역시,북구,436188.0,광주광역시 북구 용봉동 1238-30 ,126.90079720000001,35.179203799999996,광주광역시북구
광주전대정문점,광주광역시,북구,436188.0,광주광역시 북구 신안동 210-1 ,126.9047709,35.1715162,광주광역시북구
광주조대점,광주광역시,동구,95743.0,광주광역시 동구 동명동 135-2,126.92726929999999,35.14700670000001,광주광역시동구
광주진월점,광주광역시,남구,217949.0,광주광역시 남구 진월동 285-3 ,126.897295,35.1222686,광주광역시남구
광주첨단2지구점,광주광역시,북구,436188.0,광주광역시 북구 신용동 684 ,126.8631255,35.2087585,광주광역시북구
광주첨단점,광주광역시,광산구,406384.0,광주광역시 광산구 월계동 766-3 ,126.8422857,35.213271,광주광역시광산구
광주탄벌점,경기도,광주시,366092.0,경기도 광주시 벌원길 67,127.248356,37.4159494,경기도광주시
광주풍암점,광주광역시,서구,301909.0,광주광역시 서구 풍암동 1123-1 ,126.87961680000001,35.1254575,광주광역시서구
광주하남2지구점,광주광역시,광산구,406384.0,광주광역시 광산구 산정동 1017-8 ,126.79895800000001,35.176065,광주광역시광산구
광주하남점,광주광역시,광산구,406384.0,광주광역시 광산구 우산동 1579-3 ,126.80674029999999,35.1635475,광주광역시광산구
광주효천2지구점,광주광역시,남구,217949.0,광주광역시 남구 행암동 579,126.8892557,35.1022818,광주광역시남구
광진구청점,서울특별시,광진구,354344.0,서울특별시 광진구 자양로 120,127.08358510000001,37.5385811,서울특별시광진구
광천점,충청남도,홍성군,101037.0,충청남도 홍성군 광천읍 광천리 244-1 ,126.6259625,36.50263020000001,충청남도홍성군
광혜원점,충청북도,진천군,79919.0,충청북도 진천군 광혜원면 광혜원리 247-1 ,127.4457159,36.9903232,충청북도진천군
괴산점,충청북도,괴산군,38133.0,충청북도 괴산군 괴산읍 동부리 661-86,127.7929914,36.8091186,충청북도괴산군
구갈점,경기도,용인시,1042229.0,경기도 용인시 기흥구 관곡로64번길 18,127.1124939,37.2811299,경기도용인시
구로1점,서울특별시,구로구,405516.0,서울특별시 구로구 도림로 65,126.8908878,37.489393799999995,서울특별시구로구
구로5동점,서울특별시,구로구,405516.0,서울특별시 구로구 공원로 35,126.89044720000001,37.50009470000001,서울특별시구로구
구로전화국점,서울특별시,금천구,234173.0,서울특별시 금천구 독산로 353,126.90361979999999,37.47844570000001,서울특별시금천구
구리갈매점,경기도,구리시,201952.0,경기도 구리시 갈매중앙로 89-8,127.1173187,37.6328665,경기도구리시
구리검배사거리점,경기도,구리시,201952.0,경기도 구리시 벌말로 186,127.15058729999998,37.5928658,경기도구리시
구리수택점,경기도,구리시,201952.0,경기도 구리시 체육관로80번길 19,127.13904950000001,37.5919196,경기도구리시
구리인창점,경기도,구리시,201952.0,경기도 구리시 동구릉로85번길 25,127.1330541,37.608793,경기도구리시
구리주공점,경기도,구리시,201952.0,경기도 구리시 건원대로76번길 29,127.14057779999999,37.608332399999995,경기도구리시
구미공단점,경상북도,구미시,420294.0,경상북도 구미시 공단동 109,128.3729056,36.12134620000001,경상북도구미시
구미도량점,경상북도,구미시,420294.0,경상북도 구미시 도량동 227-4,128.3171529,36.139281200000006,경상북도구미시
구미상모초교점,경상북도,구미시,420294.0,경상북도 구미시 임은동 801-1 ,128.35859409999998,36.089777500000004,경상북도구미시
구미형곡점,경상북도,구미시,420294.0,경상북도 구미시 형곡동 292-3,128.3336651,36.10732460000001,경상북도구미시
구미황상점,경상북도,구미시,420294.0,경상북도 구미시 황상동 200-7,128.42632659999998,36.1173592,경상북도구미시
구반포역점,서울특별시,서초구,432336.0,서울특별시 서초구 신반포로 49,126.9900136,37.502212899999996,서울특별시서초구
구산역점,서울특별시,은평구,484267.0,서울특별시 은평구 서오릉로 130,126.91850159999998,37.6107829,서울특별시은평구
구일점,서울특별시,구로구,405516.0,서울특별시 구로구 구일로4길 46,126.877219,37.4927124,서울특별시구로구
군산나운점,전라북도,군산시,271781.0,전라북도 군산시 나운동 153-7번지,126.69962920000002,35.961243599999996,전라북도군산시
군산대점,전라북도,군산시,271781.0,전라북도 군산시 미룡동 888-2 ,126.687702,35.9447964,전라북도군산시
군산명산사거리점,전라북도,군산시,271781.0,전라북도 군산시 명산동 7-8 ,126.70977040000001,35.9849829,전라북도군산시
군산수송점,전라북도,군산시,271781.0,전라북도 군산시 수송동 841 101호 ,126.71945590000001,35.9665664,전라북도군산시
군자역점,서울특별시,광진구,354344.0,서울특별시 광진구 천호대로111길 24,127.0826068,37.5573223,서울특별시광진구
군포경찰서점,경기도,군포시,275207.0,경기도 군포시 번영로550번길 3,126.9377586,37.360041700000004,경기도군포시
군포당동점,경기도,군포시,275207.0,경기도 군포시 고산로 251,126.9440742,37.3459376,경기도군포시
군포대야미점,경기도,군포시,275207.0,경기도 군포시 대야1로22번길 4,126.91765149999999,37.327507399999995,경기도군포시
군포흥진점,경기도,군포시,275207.0,경기도 군포시 광정로 25-58,126.93052709999999,37.3541645,경기도군포시
금산점,충청남도,금산군,52957.0,충청남도 금산군 금산읍 상리 175-3 엔이시티110호 ,127.4892689,36.1033471,충청남도금산군
금왕점,충청북도,음성군,95375.0,충청북도 음성군 금왕읍 무극리 513-1 ,127.590097,36.9923516,충청북도음성군
금호점,서울특별시,성동구,305785.0,서울특별시 성동구 장터길 43,127.02074440000001,37.5484004,서울특별시성동구
길동점,서울특별시,강동구,424727.0,서울특별시 강동구 양재대로116길 38,127.14248789999999,37.538154799999994,서울특별시강동구
길음역점,서울특별시,성북구,439754.0,서울특별시 성북구 동소문로 248,127.02367360000001,37.6026982,서울특별시성북구
김량장점,경기도,용인시,1042229.0,경기도 용인시 처인구 중부대로 1360,127.19553810000001,37.2343406,경기도용인시
김천아포점,경상북도,김천시,141397.0,경상북도 김천시 아포읍 국사리 1004,128.2623756,36.1595321,경상북도김천시
김천평화점,경상북도,김천시,141397.0,경상북도 김천시 평화동 245-24 ,128.11155490000002,36.1253548,경상북도김천시
김천혁신점,경상북도,김천시,141397.0,경상북도 김천시 율곡동 652,128.18804,36.1222722,경상북도김천시
김포감정점,경기도,김포시,429752.0,경기도 김포시 중봉1로 9,126.6987058,37.6230028,경기도김포시
김포고촌점,경기도,김포시,429752.0,경기도 김포시 고촌읍 장차로 1,126.76963899999998,37.60255479999999,경기도김포시
김포사우점,경기도,김포시,429752.0,경기도 김포시 사우중로 79,126.72052109999998,37.6218911,경기도김포시
김포양곡점,경기도,김포시,429752.0,경기도 김포시 양촌읍 양곡로 495,126.6281128,37.655164299999996,경기도김포시
김포장기점,경기도,김포시,429752.0,경기도 김포시 김포한강1로51번길 28,126.66698090000001,37.6441539,경기도김포시
김포통진점,경기도,김포시,429752.0,경기도 김포시 통진읍 조강로 40,126.6011313,37.6898125,경기도김포시
김포풍무점,경기도,김포시,429752.0,경기도 김포시 풍무로 105,126.72186799999999,37.604937899999996,경기도김포시
김해구산점,경상남도,김해시,536707.0,경상남도 김해시 구산동 483-1,128.8721516,35.2513855,경상남도김해시
김해내외점,경상남도,김해시,536707.0,경상남도 김해시 외동 1253-4 임호빌딩 103호 ,128.8655187,35.23263499999999,경상남도김해시
김해부원점,경상남도,김해시,536707.0,경상남도 김해시 부원동 609-22 ,128.8827615,35.2287217,경상남도김해시
김해삼계점,경상남도,김해시,536707.0,경상남도 김해시 삼계동 1439-5번지 가야아이파크 상가,128.87023390000002,35.2644793,경상남도김해시
김해삼방점,경상남도,김해시,536707.0,경상남도 김해시 삼방동 665-8 ,128.9097391,35.250792,경상남도김해시
김해장유삼문점,경상남도,김해시,536707.0,경상남도 김해시 장유면 삼문리 39-14 ,128.808808,35.203742,경상남도김해시
김해진영읍점,경상남도,김해시,536707.0,경상남도 김해시 진영읍 여래리 708-4,128.73540549999998,35.3029004,경상남도김해시
나주빛가람점,전라남도,나주시,114815.0,전라남도 나주시 빛가람동 692-4,126.78804540000002,35.0097464,전라남도나주시
낙성대역점,서울특별시,관악구,502251.0,서울특별시 관악구 남부순환로 1949,126.9656159,37.4765457,서울특별시관악구
난곡점,서울특별시,관악구,502251.0,서울특별시 관악구 난곡로 203,126.91849740000002,37.473110299999995,서울특별시관악구
난곡파로스점,서울특별시,관악구,502251.0,서울특별시 관악구 난곡로 100,126.9195348,37.4642923,서울특별시관악구
남목3동점,울산광역시,동구,161582.0,울산광역시 동구 서부동 351-1 ,129.4255546,35.5412333,울산광역시동구
남부터미널역점,서울특별시,서초구,432336.0,서울특별시 서초구 서초중앙로 42,127.01627579999999,37.4858725,서울특별시서초구
남성역점,서울특별시,동작구,399118.0,서울특별시 동작구 사당로 226,126.9728006,37.4835662,서울특별시동작구
남양주금곡점,경기도,남양주시,687575.0,경기도 남양주시 금곡로38,127.2073527,37.6339415,경기도남양주시
남양주덕소점,경기도,남양주시,687575.0,경기도 남양주시 와부읍 덕소로 72,127.21113600000001,37.5870289,경기도남양주시
남양주도곡점,경기도,남양주시,687575.0,경기도 남양주시 와부읍 덕소로 194,127.2161087,37.5789305,경기도남양주시
남양주도농점,경기도,남양주시,687575.0,경기도 남양주시 도농로17번길 1,127.1569385,37.6075609,경기도남양주시
남양주마석점,경기도,남양주시,687575.0,경기도 남양주시 화도읍 마석로 59,127.3057733,37.6562342,경기도남양주시
남양주사능점,경기도,남양주시,687575.0,경기도 남양주시 진건읍 진건오남로 93,127.1780933,37.659094700000004,경기도남양주시
남양주양지점,경기도,남양주시,687575.0,경기도 남양주시 오남읍 진건오남로 793,127.2031758,37.6974596,경기도남양주시
남양주장현점,경기도,남양주시,687575.0,경기도 남양주시 진접읍 장현로 63,127.180151,37.716651,경기도남양주시
남양주진접1호점,경기도,남양주시,687575.0,경기도 남양주시 진접읍 해밀예당3로 52,127.19856680000001,37.7144909,경기도남양주시
남양주청학점,경기도,남양주시,687575.0,경기도 남양주시 별내면 청학로68번길 5-18,127.1190261,37.70853889999999,경기도남양주시
남양주평내점,경기도,남양주시,687575.0,경기도 남양주시 평내로 88,127.23687690000001,37.64326920000001,경기도남양주시
남양주호평점,경기도,남양주시,687575.0,경기도 남양주시 늘을2로 26,127.2441115,37.6550783,경기도남양주시
남원하정점,전라북도,남원시,82095.0,전라북도 남원시 하정동 180-1,127.37956100000001,35.4073573,전라북도남원시
남춘천점,강원도,춘천시,280098.0,강원도 춘천시 춘주로 150,127.7245283,37.8581338,강원도춘천시
남현점,서울특별시,관악구,502251.0,서울특별시 관악구 남현1가길 4,126.97760840000001,37.475718,서울특별시관악구
내발산점,서울특별시,강서구,596233.0,서울특별시 강서구 강서로 306,126.83675590000001,37.55289129999999,서울특별시강서구
노룬산점,서울특별시,광진구,354344.0,서울특별시 광진구 뚝섬로 480,127.06354409999999,37.5364452,서울특별시광진구
노원점,서울특별시,노원구,539884.0,서울특별시 노원구 동일로 1390,127.0615013,37.6527203,서울특별시노원구
녹번점,서울특별시,은평구,484267.0,서울특별시 은평구 은평로 197-1,126.9295919,37.6018747,서울특별시은평구
논산연무점,충청남도,논산시,120005.0,충청남도 논산시 연무읍 안심리 1-125 ,127.0992933,36.1324633,충청남도논산시
논산점,충청남도,논산시,120005.0,충청남도 논산시 취암동 574-50 ,127.089211,36.199870000000004,충청남도논산시
논현점,서울특별시,강남구,542108.0,서울특별시 강남구 강남대로122길 41,127.02629070000002,37.50881370000001,서울특별시강남구
능평삼거리점,경기도,광주시,366092.0,경기도 광주시 오포읍 오포로 121,127.17951229999998,37.3441952,경기도광주시
답십리점,서울특별시,동대문구,346312.0,서울특별시 동대문구 전농로 104,127.057829,37.5742794,서울특별시동대문구
당고개점,서울특별시,노원구,539884.0,서울특별시 노원구 상계로 306,127.0795793,37.6703196,서울특별시노원구
당산점,서울특별시,영등포구,368874.0,서울특별시 영등포구 당산로44길 3,126.90077990000002,37.531988399999996,서울특별시영등포구
당진신평점,충청남도,당진시,167481.0,충청남도 당진시 신평면 거산리 182-12 ,126.7531545,36.8792671,충청남도당진시
당진원당점,충청남도,당진시,167481.0,충청남도 당진시 당진시 밤절로 104 그린빌아파트 상가,126.643147,36.900862,충청남도당진시
당진읍내점,충청남도,당진시,167481.0,충청남도 당진시 당진읍 읍내리 242-1 ,126.63738000000001,36.895979,충청남도당진시
대구감삼점,대구광역시,달서구,571682.0,"대구광역시 달서구 감삼동 320-15 ""감삼빌딩"" ",128.54118,35.843709499999996,대구광역시달서구
대구담티역점,대구광역시,수성구,431613.0,대구광역시 수성구 만촌동 860 금탑상가 3동9호 ,128.6535867,35.854231,대구광역시수성구
대구대곡역점,대구광역시,달성군,253800.0,대구광역시 달성군 화원읍 구라리 1717,128.5111986,35.8110071,대구광역시달성군
대구도원점,대구광역시,달서구,571682.0,대구광역시 달서구 도원동 1431-4 전원빌딩109호,128.5355107,35.808004499999996,대구광역시달서구
대구동호지구점,대구광역시,동구,348825.0,"대구광역시 동구 신서동 538-1,동호해오름타운101-104 ",128.7263561,35.86745949999999,대구광역시동구
대구범어역점,대구광역시,수성구,431613.0,대구광역시 수성구 범어동 792-4,128.6241387,35.8580311,대구광역시수성구
대구봉덕점,대구광역시,남구,148682.0,대구광역시 남구 봉덕동 1327-98,128.5993201,35.8368247,대구광역시남구
대구불로점,대구광역시,동구,348825.0,대구광역시 동구 불로동 400 ,128.64076459999998,35.9115646,대구광역시동구
대구사월역점,대구광역시,수성구,431613.0,대구광역시 수성구 신매동 10-7 시지퍼스트111호,128.7159904,35.8364195,대구광역시수성구
대구상인점,대구광역시,달서구,571682.0,대구광역시 달서구 상인동 1514 동방타운상가 106동 110호 ,128.5405349,35.817177,대구광역시달서구
대구용산점,대구광역시,달서구,571682.0,대구광역시 달서구 용산1동 932-6 ,128.5308691,35.858044,대구광역시달서구
대구월성점,대구광역시,달서구,571682.0,대구광역시 달서구 월성2동 273-4 센트로벨리107 ,128.5308219,35.831635399999996,대구광역시달서구
대구지산점,대구광역시,수성구,431613.0,대구광역시 수성구 지산동 1288-9 ,128.6402007,35.8218744,대구광역시수성구
대구침산점,대구광역시,북구,439093.0,대구광역시 북구 침산동 430-1 포브스109호 ,128.58625,35.8889375,대구광역시북구
대구테크노폴리스점,대구광역시,대구,253800.0,대구광역시 대구 달성군 유가면 봉리 607,128.470459,35.692689,대구광역시대구
대림사거리점,서울특별시,동작구,399118.0,서울특별시 동작구 대림로 56,126.9073949,37.488456799999994,서울특별시동작구
대림우성점,서울특별시,영등포구,368874.0,서울특별시 영등포구 대림로 154,126.9003403,37.4947705,서울특별시영등포구
대방현대점,서울특별시,동작구,399118.0,서울특별시 동작구 등용로 127,126.93067140000001,37.5129359,서울특별시동작구
대소점,충청북도,음성군,95375.0,충청북도 음성군 대소면 태생리 539-22,127.49068770000001,36.9659251,충청북도음성군
대전가장점,대전광역시,서구,481763.0,대전광역시 서구 가장동 55,127.3841518,36.3338321,대전광역시서구
대전갈마점,대전광역시,서구,481763.0,대전광역시 서구 갈마동 351-2 ,127.37171770000002,36.3472701,대전광역시서구
대전관저원앙점,대전광역시,서구,481763.0,대전광역시 서구 관저동 1833번지,127.33682350000001,36.3072453,대전광역시서구
대전관저점,대전광역시,서구,481763.0,대전광역시 서구 관저동 구봉마을 8단지 정문상가,127.33192,36.298836,대전광역시서구
대전낭월점,대전광역시,동구,229309.0,대전광역시 동구 낭월동 468 ,127.4678507,36.2803639,대전광역시동구
대전노은역점,대전광역시,유성구,349868.0,대전광역시 유성구 지족동 905-4,127.31850619999999,36.372547,대전광역시유성구
대전둔산3동점,대전광역시,서구,481763.0,대전광역시 서구 둔산3동 1929 ,127.3971415,36.35063579999999,대전광역시서구
대전만년점,대전광역시,서구,481763.0,대전광역시 서구 만년동 267 ,127.37648519999999,36.3658594,대전광역시서구
대전문화점,대전광역시,중구,125913.0,대전광역시 중구 문화동 1-3 센트럴 파크 APT 상가 102,127.4126263,36.3186963,대전광역시중구
대전복수점,대전광역시,서구,481763.0,대전광역시 서구 복수동 757 ,127.37793629999999,36.297964799999995,대전광역시서구
대전중리점,대전광역시,대덕구,180249.0,대전광역시 대덕구 중리동 243-26 ,127.4272388,36.3558546,대전광역시대덕구
대전태평점,대전광역시,중구,125913.0,대전광역시 중구 유천동 197-1 ,127.39690690000002,36.322125899999996,대전광역시중구
대전테크노밸리점,대전광역시,유성구,349868.0,대전광역시 유성구 관평동 672 ,127.38913729999999,36.4190461,대전광역시유성구
대천점,충청남도,보령시,101549.0,충청남도 보령시 대천동 197-118 ,126.59539850000002,36.3505782,충청남도보령시
대치점,서울특별시,강남구,542108.0,서울특별시 강남구 도곡로84길 6,127.06264979999999,37.4989174,서울특별시강남구
대화역점,경기도,고양시,1045533.0,경기도 고양시 강성로270,126.74747350000001,37.6780362,경기도고양시
대흥역점,서울특별시,마포구,374824.0,서울특별시 마포구 백범로 86,126.9408179,37.5481775,서울특별시마포구
덕성여대점,서울특별시,도봉구,337346.0,서울특별시 도봉구 우이천로 478,127.01592169999999,37.6557012,서울특별시도봉구
도림점,서울특별시,영등포구,368874.0,서울특별시 영등포구 대림로 247,126.8962808,37.5025692,서울특별시영등포구
도봉점,서울특별시,도봉구,337346.0,서울특별시 도봉구 도봉로 883,127.0456653,37.683187,서울특별시도봉구
독바위역점,서울특별시,은평구,484267.0,서울특별시 은평구 불광로 105,126.93271990000001,37.6161592,서울특별시은평구
독산홈플러스점,서울특별시,금천구,234173.0,서울특별시 금천구 시흥대로 406,126.8984176,37.4696868,서울특별시금천구
돈암점,서울특별시,성북구,439754.0,서울특별시 성북구 아리랑로 68,127.01544129999999,37.5989165,서울특별시성북구
동교점,서울특별시,마포구,374824.0,서울특별시 마포구 동교로 205,126.9231345,37.5584188,서울특별시마포구
동두천불현점,경기도,동두천시,95375.0,경기도 동두천시 행선로 102,127.06276629999999,37.8971581,경기도동두천시
동두천중앙역점,경기도,동두천시,95375.0,경기도 동두천시 중앙로 227,127.0528909,37.9019766,경기도동두천시
동묘앞역점,서울특별시,종로구,152495.0,서울특별시 종로구 지봉로 50,127.01598600000001,37.57449860000001,서울특별시종로구
동백역점,경기도,용인시,1042229.0,경기도 용인시 기흥구 동백3로11번길 8,127.1535929,37.2696458,경기도용인시
동양미래대학점,서울특별시,구로구,405516.0,서울특별시 구로구 경인로47길 31,126.86619640000002,37.5006224,서울특별시구로구
동작구청점,서울특별시,동작구,399118.0,서울특별시 동작구 장승배기로 164,126.94040509999999,37.5123258,서울특별시동작구
동탄반송점,경기도,화성시,781507.0,경기도 화성시 동탄솔빛로 65,127.07414240000001,37.19458510000001,경기도화성시
동탄시범단지점,경기도,화성시,781507.0,경기도 화성시 동탄대로시범길 235,127.1032486,37.2017758,경기도화성시
동탄카림점,경기도,화성시,781507.0,경기도 화성시 동탄대로시범길 148-54,127.11371640000002,37.2005425,경기도화성시
동탄푸른점,경기도,화성시,781507.0,경기도 화성시 10용사로 349-3,127.0562002,37.199326899999996,경기도화성시
둔촌점,서울특별시,강동구,424727.0,서울특별시 강동구 양재대로 1339,127.13502890000001,37.525957700000006,서울특별시강동구
등촌점,서울특별시,강서구,596233.0,서울특별시 강서구 공항대로41길 50,126.84611609999999,37.5598941,서울특별시강서구
뚝섬역점,서울특별시,성동구,305785.0,서울특별시 성동구 상원길 52,127.048373,37.5486145,서울특별시성동구
마곡역점,서울특별시,강서구,596233.0,서울특별시 강서구 공항대로 140,126.82287340000002,37.559003000000004,서울특별시강서구
마들역점,서울특별시,노원구,539884.0,서울특별시 노원구 동일로 1538,127.05786140000001,37.66621729999999,서울특별시노원구
마린시티점,부산광역시,해운대구,408384.0,부산광역시 해운대구 우동 1434번지,129.1475905,35.157827000000005,부산광역시해운대구
마산서중점,경상남도,창원시,1049897.0,경상남도 창원시 마산합포구 해운동 15-10,128.5581964,35.1783833,경상남도창원시
마장역점,서울특별시,성동구,305785.0,서울특별시 성동구 마장로 299,127.042751,37.5662755,서울특별시성동구
마천점,서울특별시,송파구,679824.0,서울특별시 송파구 성내천로 218,127.151719,37.4996443,서울특별시송파구
마포구청역점,서울특별시,마포구,374824.0,서울특별시 마포구 방울내로 87,126.90484029999999,37.5610388,서울특별시마포구
마포도화점,서울특별시,마포구,374824.0,서울특별시 마포구 삼개로 24,126.9472877,37.5380636,서울특별시마포구
마포창전점,서울특별시,마포구,374824.0,서울특별시 마포구 서강로9길 48,126.9311582,37.5542375,서울특별시마포구
만리점,서울특별시,마포구,374824.0,서울특별시 마포구 만리재옛길 104,126.9616259,37.5511471,서울특별시마포구
망우1동점,서울특별시,중랑구,401546.0,서울특별시 중랑구 망우로 463,127.103649,37.600664,서울특별시중랑구
망우우림시장점,서울특별시,중랑구,401546.0,서울특별시 중랑구 봉우재로 239,127.0995293,37.59574779999999,서울특별시중랑구
망원점,서울특별시,마포구,374824.0,서울특별시 마포구 월드컵로13길 56,126.90703870000002,37.555375399999996,서울특별시마포구
매봉역점,서울특별시,강남구,542108.0,서울특별시 강남구 남부순환로378길 8,127.04561029999999,37.485744200000006,서울특별시강남구
면목점,서울특별시,중랑구,401546.0,서울특별시 중랑구 겸재로 178,127.08729369999999,37.5881634,서울특별시중랑구
명일점,서울특별시,강동구,424727.0,서울특별시 강동구 구천면로 424,127.14559740000001,37.5503475,서울특별시강동구
명지대점,서울특별시,서대문구,311586.0,서울특별시 서대문구 거북골로 14,126.9255787,37.5808295,서울특별시서대문구
목3동점,서울특별시,양천구,462126.0,서울특별시 양천구 등촌로 172,126.8625878,37.5450758,서울특별시양천구
목동1점,서울특별시,양천구,462126.0,서울특별시 양천구 목동중앙로 89,126.87197579999999,37.5373138,서울특별시양천구
목사거리점,서울특별시,강서구,596233.0,서울특별시 강서구 곰달래로 271,126.863165,37.532511799999995,서울특별시강서구
목포산정점,전라남도,목포시,230930.0,전라남도 목포시 산정동 1767-2 ,126.37385630000001,34.8067633,전라남도목포시
목포석현점,전라남도,목포시,230930.0,전라남도 목포시 상동 251-5 ,126.41849540000001,34.81670020000001,전라남도목포시
목포연동점,전라남도,목포시,230930.0,전라남도 목포시 산정동 1086-34 ,126.39339960000001,34.7944364,전라남도목포시
목포용해점,전라남도,목포시,230930.0,전라남도 목포시 용해동 1051 골드디움 6차 상가,126.39274950000001,34.819636700000004,전라남도목포시
묵동점,서울특별시,중랑구,401546.0,서울특별시 중랑구 공릉로2길 26,127.07938859999999,37.6119284,서울특별시중랑구
문경점촌점,경상북도,문경시,71939.0,경상북도 문경시 점촌동 248-7,128.19861699999998,36.5957698,경상북도문경시
문막동화점,강원도,원주시,345712.0,강원도 원주시 문막읍 왕건로 75,127.82910829999999,37.326242799999996,강원도원주시
문산당동점,경기도,파주시,453366.0,"경기도 파주시 문산읍 방촌로 1719, 1층",126.7843904,37.8661115,경기도파주시
문산역점,경기도,파주시,453366.0,경기도 파주시 문산읍 문향로 25,126.7859567,37.8543341,경기도파주시
문정점,서울특별시,송파구,679824.0,서울특별시 송파구 송이로 198-1,127.12788290000002,37.4901387,서울특별시송파구
문현점,부산광역시,남구,278270.0,부산광역시 남구 문현동 98,129.0768648,35.143645,부산광역시남구
문화촌점,서울특별시,서대문구,311586.0,서울특별시 서대문구 세검정로 57,126.94722150000001,37.593029,서울특별시서대문구
미아삼거리역점,서울특별시,강북구,316604.0,서울특별시 강북구 도봉로13길 38,127.02819240000001,37.615263899999995,서울특별시강북구
미아역점,서울특별시,강북구,316604.0,서울특별시 강북구 솔매로 121,127.02555759999998,37.626175,서울특별시강북구
방배본동점,서울특별시,서초구,432336.0,서울특별시 서초구 동광로 56-4,126.98877069999999,37.4920415,서울특별시서초구
방배역점,서울특별시,서초구,432336.0,서울특별시 서초구 방배로13길 19,126.9954125,37.4827199,서울특별시서초구
방이점,서울특별시,송파구,679824.0,서울특별시 송파구 마천로 61,127.1274538,37.50820039999999,서울특별시송파구
방학신동아점,서울특별시,도봉구,337346.0,서울특별시 도봉구 방학로 183,127.0320375,37.6620237,서울특별시도봉구
방학점,서울특별시,도봉구,337346.0,서울특별시 도봉구 도봉로150길 43,127.0455905,37.6664777,서울특별시도봉구
방화역점,서울특별시,강서구,596233.0,서울특별시 강서구 금낭화로 128,126.8126977,37.5765653,서울특별시강서구
번동점,서울특별시,강북구,316604.0,서울특별시 강북구 오현로 197-2,127.03960890000002,37.6292321,서울특별시강북구
별내점,경기도,남양주시,687575.0,경기도 남양주시 별내중앙로 84,127.12194129999999,37.649718299999996,경기도남양주시
병점송화초점,경기도,화성시,781507.0,경기도 화성시 병점1로 66-2,127.04114890000001,37.2028966,경기도화성시
병점점,경기도,화성시,781507.0,경기도 화성시 효행로 1063,127.04314690000001,37.2149941,경기도화성시
보광점,서울특별시,용산구,228940.0,서울특별시 용산구 보광로 45,126.9989374,37.5281045,서울특별시용산구
보라매역점,서울특별시,동작구,399118.0,서울특별시 동작구 여의대방로 180,126.92173390000002,37.5030372,서울특별시동작구
보문역점,서울특별시,성북구,439754.0,서울특별시 성북구 지봉로 180,127.01882959999999,37.584969,서울특별시성북구
보은점,충청북도,보은군,33448.0,충청북도 보은군 보은읍 교사리 41-2 ,127.72084009999999,36.484988,충청북도보은군
봉동터미널점,전라북도,완주군,93382.0,전라북도 완주군 봉동읍 장기리 159,127.1678263,35.9396613,전라북도완주군
봉일천점,경기도,파주시,453366.0,경기도 파주시 조리읍 봉천로 29,126.80843030000001,37.7432211,경기도파주시
봉천점,서울특별시,관악구,502251.0,서울특별시 관악구 청룡2길 47,126.94349070000001,37.4814599,서울특별시관악구
봉천중앙시장점,서울특별시,관악구,502251.0,서울특별시 관악구 관악로 211,126.9543477,37.4842229,서울특별시관악구
봉화산역점,서울특별시,중랑구,401546.0,서울특별시 중랑구 신내로 211,127.09264920000001,37.6164445,서울특별시중랑구
부경대점,부산광역시,남구,278270.0,부산광역시 남구 대연동 364-15,129.09843370000002,35.1341939,부산광역시남구
부산가야점,부산광역시,부산진구,359247.0,부산광역시 부산진구 가야동 386,129.0389736,35.1537792,부산광역시부산진구
부산거제점,부산광역시,부산시,209712.0,부산광역시 부산시 연제구 거제천로87번길 35,129.07138799999998,35.182775,부산광역시부산시
부산광안점,부산광역시,수영구,175744.0,부산광역시 수영구 광안동 496-23,129.1115576,35.1621612,부산광역시수영구
부산구포3동점,부산광역시,북구,292843.0,부산광역시 북구 구포동 1261-32 ,129.0064954,35.1974349,부산광역시북구
부산기장점,부산광역시,기장군,165024.0,부산광역시 기장군 기장읍 동부리 152-7,129.2166837,35.247755100000006,부산광역시기장군
부산남천역점,부산광역시,수영구,175744.0,부산광역시 수영구 남천동 19-13 ,129.1078354,35.141499700000004,부산광역시수영구
부산남항점,부산광역시,영도구,119045.0,부산광역시 영도구 남항동 2가 265-1 ,129.0404672,35.0886157,부산광역시영도구
부산다대1동점,부산광역시,사하구,325166.0,부산광역시 사하구 다대1동 942-15 ,128.96994899999999,35.0577134,부산광역시사하구
부산당리점,부산광역시,사하구,325166.0,부산광역시 사하구 당리동 163 ,128.97504320000002,35.106523700000004,부산광역시사하구
부산대연점,부산광역시,남구,278270.0,부산광역시 남구 대연5동 1364-9,129.0905452,35.136821600000005,부산광역시남구
부산더샵파크점,부산광역시,연제구,209712.0,부산광역시 연제구 연산동 303-24,129.0943096,35.19111429999999,부산광역시연제구
부산동대신점,부산광역시,서구,110052.0,부산광역시 서구 서대신동3가 387-10 ,129.0161082,35.113024200000005,부산광역시서구
부산동서대점,부산광역시,사상구,221994.0,부산광역시 사상구 주례동 80-44,129.0126881,35.148675,부산광역시사상구
부산동아대점,부산광역시,사하구,325166.0,부산광역시 사하구 하단동 497-26,128.9656895,35.110946399999996,부산광역시사하구
부산두실점,부산광역시,금정구,241986.0,부산광역시 금정구 구서2동 164-22,129.0896199,35.2580884,부산광역시금정구
부산망미주공점,부산광역시,연제구,209712.0,부산광역시 연제구 연산9동 57-31 ,129.1069326,35.1806553,부산광역시연제구
부산명륜점,부산광역시,동래구,267567.0,부산광역시 동래구 명륜동 8-69,129.0867633,35.21621270000001,부산광역시동래구
부산반송점,부산광역시,해운대구,408384.0,부산광역시 해운대구 반송동 93-1 광하상가 5-6호 ,129.1594014,35.22994970000001,부산광역시해운대구
부산반여1동점,부산광역시,해운대구,408384.0,부산광역시 해운대구 반여1동 1441-136 ,129.11905819999998,35.20111379999999,부산광역시해운대구
부산배산역점,부산광역시,수영구,175744.0,부산광역시 수영구 망미동 832-12,129.09954150000002,35.1733075,부산광역시수영구
부산부곡1동점,부산광역시,금정구,241986.0,부산광역시 금정구 부곡동 308-23,129.0924294,35.2252494,부산광역시금정구
부산부곡3동점,부산광역시,금정구,241986.0,부산광역시 금정구 부곡동 63-11,129.0914028,35.2403381,부산광역시금정구
부산사직점,부산광역시,동래구,267567.0,부산광역시 동래구 사직동 43-1번지 1층 3호 ,129.0573173,35.19858320000001,부산광역시동래구
부산서동점,부산광역시,금정구,241986.0,부산광역시 금정구 서동 196-68,129.10434080000002,35.2154031,부산광역시금정구
부산안락점,부산광역시,동래구,267567.0,부산광역시 동래구 안락동 468-24,129.11145870000001,35.1991122,부산광역시동래구
부산여대점,부산광역시,부산진구,359247.0,부산광역시 부산진구 양정동 360-32,129.0704683,35.168661900000004,부산광역시부산진구
부산용호점,부산광역시,남구,278270.0,부산광역시 남구 용호동 371-27,129.1126885,35.1196133,부산광역시남구
부산장전1동점,부산광역시,금정구,241986.0,부산광역시 금정구 장전동 153-4,129.0848081,35.2379549,부산광역시금정구
부산재송점,부산광역시,해운대구,408384.0,부산광역시 해운대구 재송동 1150-5 ,129.1304466,35.1934196,부산광역시해운대구
부산정관용수점,부산광역시,기장군,165024.0,부산광역시 기장군 정관면 용수리,129.1626134,35.3256116,부산광역시기장군
부산좌4동점,부산광역시,해운대구,408384.0,부산광역시 해운대구 좌동 1407-3,129.1755464,35.1780895,부산광역시해운대구
부산지사점,부산광역시,강서구,126333.0,부산광역시 강서구 지사동 1194-9 ,128.8342287,35.150510100000005,부산광역시강서구
부산학장점,부산광역시,사상구,221994.0,부산광역시 사상구 학장동 573-1 반도프라자상가 ,128.9790778,35.1376018,부산광역시사상구
부산화명점,부산광역시,북구,292843.0,부산광역시 북구 화명동 2267-2 ,129.01035670000002,35.2360252,부산광역시북구
부천고강점,경기도,부천시,837937.0,경기도 부천시 역곡로 487,126.81585700000001,37.528254,경기도부천시
부천도당점,경기도,부천시,837937.0,경기도 부천시 삼작로 278,126.7923466,37.520049799999995,경기도부천시
부천범박점,경기도,부천시,837937.0,경기도 부천시 은성로 115,126.80349440000002,37.4744251,경기도부천시
부천상동역점,경기도,부천시,837937.0,경기도 부천시 상동로 69,126.75231969999999,37.50374710000001,경기도부천시
부천약대점,경기도,부천시,837937.0,경기도 부천시 중동로 383,126.7699258,37.514128899999996,경기도부천시
부천역점,경기도,부천시,837937.0,경기도 부천시 부천로 39번길 8,126.7831997,37.4881256,경기도부천시
부천원미점,경기도,부천시,837937.0,경기도 부천시 원미로 123-2,126.7910433,37.4937195,경기도부천시
부천중동남부역점,경기도,부천시,837937.0,경기도 부천시 경인로 72,126.7631679,37.4835592,경기도부천시
부천중동미리내점,경기도,부천시,837937.0,경기도 부천시 조마루로285번길 60,126.77522759999998,37.5000937,경기도부천시
부천중동팰리스점,경기도,부천시,837937.0,경기도 부천시 중동로 107,126.76596310000001,37.4918001,경기도부천시
부천중동포도점,경기도,부천시,837937.0,경기도 부천시 소향로 119,126.76126940000002,37.502567600000006,경기도부천시
부평역점,인천광역시,부평구,520171.0,인천광역시 부평구 광장로 34,126.72447109999999,37.490959000000004,인천광역시부평구
북가좌점,서울특별시,서대문구,311586.0,서울특별시 서대문구 응암로 69,126.91071880000001,37.5794092,서울특별시서대문구
북수원점,경기도,수원시,1198461.0,경기도 수원시 장안구 송원로 81,127.00922890000001,37.30213670000001,경기도수원시
분당미금점,경기도,성남시,949316.0,경기도 성남시 분당구 성남대로 165,127.10833090000001,37.350747999999996,경기도성남시
분당서현점,경기도,성남시,949316.0,경기도 성남시 분당구 중앙공원로39번길 7,127.127983,37.3814323,경기도성남시
분당수내점,경기도,성남시,949316.0,경기도 성남시 분당구 내정로173번길 11,127.11816370000001,37.3749847,경기도성남시
분당아름점,경기도,성남시,949316.0,경기도 성남시 분당구 야탑1동 533-4,127.13851399999999,37.412017999999996,경기도성남시
분당이매점,경기도,성남시,949316.0,경기도 성남시 분당구 양현로94번길 7,127.1254152,37.3918473,경기도성남시
분당장안타운점,경기도,성남시,949316.0,경기도 성남시 분당구 분당로263번길 39,127.14017700000001,37.3720189,경기도성남시
분당정자1점,경기도,성남시,949316.0,경기도 성남시 분당구 성남대로 389,127.10750729999998,37.370856599999996,경기도성남시
분당정자점,경기도,성남시,949316.0,경기도 성남시 분당구 내정로 52,127.1151318,37.3647963,경기도성남시
분당푸른점,경기도,성남시,949316.0,경기도 성남시 분당구 돌마로366번길 42,127.1267477,37.367179,경기도성남시
불광2동점,서울특별시,은평구,484267.0,서울특별시 은평구 연서로 283-1,126.9257043,37.62132929999999,서울특별시은평구
불광점,서울특별시,은평구,484267.0,서울특별시 은평구 통일로 741-1,126.92848300000001,37.611573,서울특별시은평구
사가정점,서울특별시,중랑구,401546.0,서울특별시 중랑구 면목로 338,127.08882460000001,37.5821792,서울특별시중랑구
사천읍점,경상남도,사천시,112975.0,경상남도 사천시 사천읍 평화리 157-7 ,128.086997,35.08294179999999,경상남도사천시
산곡경남점,인천광역시,부평구,520171.0,인천광역시 부평구 안남로222번길 30,126.7097196,37.5017151,인천광역시부평구
산본궁내점,경기도,군포시,275207.0,경기도 군포시 고산로 529,126.9225128,37.360958000000004,경기도군포시
산본시장점,경기도,군포시,275207.0,경기도 군포시 금산로 109,126.9358114,37.3716024,경기도군포시
산청점,경상남도,산청군,35713.0,경상남도 산청군 산청읍 옥산리 161-13 ,127.87538729999999,35.41433079999999,경상남도산청군
삼양점,서울특별시,강북구,316604.0,서울특별시 강북구 솔샘로 219,127.01711940000001,37.6201698,서울특별시강북구
삽교점,충청남도,예산군,79791.0,충청남도 예산군 삽교읍 두리1구 803-214 ,126.74287530000001,36.7040915,충청남도예산군
상계보람점,서울특별시,노원구,539884.0,서울특별시 노원구 한글비석로 466,127.06643940000001,37.664572899999996,서울특별시노원구
상계삿갓점,서울특별시,노원구,539884.0,서울특별시 노원구 덕릉로 699,127.0752382,37.6600972,서울특별시노원구
상동라일락점,경기도,부천시,837937.0,경기도 부천시 도약로 39,126.75385490000001,37.5125239,경기도부천시
상봉점,서울특별시,중랑구,401546.0,서울특별시 중랑구 망우로32길 20,127.07649140000001,37.5929988,서울특별시중랑구
상수역점,서울특별시,마포구,374824.0,서울특별시 마포구 독막로 94,126.9239155,37.5475699,서울특별시마포구
상암점,서울특별시,마포구,374824.0,서울특별시 마포구 월드컵북로 324,126.89578780000001,37.5753908,서울특별시마포구
상왕십리역점,서울특별시,성동구,305785.0,서울특별시 성동구 왕십리로 357,127.030222,37.5638346,서울특별시성동구
상주점,경상북도,상주시,100051.0,경상북도 상주시 서성동 121-8 ,128.15945349999998,36.4167846,경상북도상주시
서남병원점,서울특별시,양천구,462126.0,서울특별시 양천구 신정이펜1로 50,126.83110649999999,37.5125344,서울특별시양천구
서대문냉천점,서울특별시,서대문구,311586.0,서울특별시 서대문구 통일로 157-6,126.96401440000001,37.5680135,서울특별시서대문구
서산대산점,충청남도,서산시,174344.0,충청남도 서산시 대산읍 대산리 136 ,126.43565829999999,36.936226500000004,충청남도서산시
서산석림점,충청남도,서산시,174344.0,충청남도 서산시 석림동 475,126.4650436,36.7707554,충청남도서산시
서산중앙점,충청남도,서산시,174344.0,충청남도 서산시 동문동 904-5 광장근방,126.45531650000001,36.7814018,충청남도서산시
서산지곡점,충청남도,서산시,174344.0,충청남도 서산시 지곡면 무장리 936,126.4451205,36.8446508,충청남도서산시
서산해미점,충청남도,서산시,174344.0,충청남도 서산시 해미면 읍리 298-6 ,126.54465900000001,36.713264,충청남도서산시
서울대입구역점,서울특별시,관악구,502251.0,서울특별시 관악구 관악로 157,126.9521068,37.4794732,서울특별시관악구
서울성대점,서울특별시,종로구,152495.0,서울특별시 종로구 성균관로 14,126.9978072,37.5841849,서울특별시종로구
서울한양대역점,서울특별시,성동구,305785.0,서울특별시 성동구 왕십리로 217-1,127.0427538,37.55688320000001,서울특별시성동구
서천점,충청남도,서천군,53462.0,충청남도 서천군 서천읍 군사리 642-6 ,126.6906355,36.0768893,충청남도서천군
서초3동서울고점,서울특별시,서초구,432336.0,서울특별시 서초구 효령로 226,127.00868329999999,37.483378200000004,서울특별시서초구
석계점,서울특별시,노원구,539884.0,서울특별시 노원구 동일로 1279,127.0640186,37.6430723,서울특별시노원구
석관점,서울특별시,성북구,439754.0,서울특별시 성북구 돌곶이로 60,127.05898490000001,37.6091743,서울특별시성북구
석수전화국점,경기도,안양시,573296.0,경기도 안양시 만안구 안양로 465,126.9106817,37.4113112,경기도안양시
석촌점,서울특별시,송파구,679824.0,서울특별시 송파구 송파대로 447,127.1056992,37.5063633,서울특별시송파구
선유도역점,서울특별시,영등포구,368874.0,서울특별시 영등포구 양평로 112,126.89526240000001,37.5373783,서울특별시영등포구
성남도촌점,경기도,성남시,949316.0,경기도 성남시 중원구 도촌남로 33,127.1511575,37.4145513,경기도성남시
성남복정점,경기도,성남시,949316.0,경기도 성남시 수정구 복정로 43,127.12696799999999,37.456791700000004,경기도성남시
성남산성점,경기도,성남시,949316.0,경기도 성남시 수정구 수정로 354,127.1501003,37.4551955,경기도성남시
성남상대원점,경기도,성남시,949316.0,경기도 성남시 중원구 희망로 339-1,127.157979,37.436084,경기도성남시
성남신구대점,경기도,성남시,949316.0,경기도 성남시 중원구 광명로 319,127.1613365,37.4453123,경기도성남시
성남은행점,경기도,성남시,949316.0,경기도 성남시 수정구 산성대로 521,127.16359080000001,37.4577795,경기도성남시
성남중앙점,경기도,성남시,949316.0,경기도 성남시 수정구 수정로 106,127.1322097,37.4407268,경기도성남시
성남중원점,경기도,성남시,949316.0,경기도 성남시 중원구 제일로35번길 1,127.1365466,37.43008820000001,경기도성남시
성남태평점,경기도,성남시,949316.0,경기도 성남시 수정구 시민로 227,127.1405348,37.4480732,경기도성남시
성북점,서울특별시,성북구,439754.0,서울특별시 성북구 성북로 24-1,127.00452320000001,37.590267499999996,서울특별시성북구
성산점,서울특별시,마포구,374824.0,서울특별시 마포구 월드컵북로 224,126.9045075,37.5698817,서울특별시마포구
성수쇼핑센타점,서울특별시,성동구,305785.0,서울특별시 성동구 아차산로7길 22,127.0550709,37.5470566,서울특별시성동구
성수점,서울특별시,성동구,305785.0,서울특별시 성동구 성덕정길 78,127.05210770000001,37.537848,서울특별시성동구
성신여대점,서울특별시,성북구,439754.0,서울특별시 성북구 보문로34길 77,127.0195084,37.5914004,서울특별시성북구
성주점,경상북도,성주군,44312.0,경상북도 성주군 성주읍 경산리 3-58 ,128.2868831,35.9179701,경상북도성주군
세종대점,서울특별시,광진구,354344.0,서울특별시 광진구 군자로 82,127.0711914,37.550395200000004,서울특별시광진구
소하시흥대교점,경기도,광명시,323527.0,경기도 광명시 금하로 537,126.8915719,37.45165120000001,경기도광명시
송내로데오점,경기도,부천시,837937.0,경기도 부천시 송내대로73번길 46,126.7515777,37.4905225,경기도부천시
송탄지산점,경기도,평택시,500787.0,경기도 평택시 지산2로96번길 4,127.06109550000001,37.0798451,경기도평택시
송파1점,서울특별시,송파구,679824.0,서울특별시 송파구 가락로 158,127.1132668,37.503125299999994,서울특별시송파구
수락산역점,서울특별시,노원구,539884.0,서울특별시 노원구 동일로 1649,127.0550645,37.675672999999996,서울특별시노원구
수원고등점,경기도,수원시,1198461.0,경기도 수원시 팔달구 팔달로107번길 4,127.00312790000001,37.278421200000004,경기도수원시
수원고색점,경기도,수원시,1198461.0,경기도 수원시 권선구 고색로 8,126.97836000000001,37.24756370000001,경기도수원시
수원곡반정점,경기도,수원시,1198461.0,경기도 수원시 권선구 곡선로50번길 45-4,127.02887220000001,37.23670429999999,경기도수원시
수원권선시장점,경기도,수원시,1198461.0,경기도 수원시 권선구 권광로 55,127.0263611,37.254897899999996,경기도수원시
수원권선점,경기도,수원시,1198461.0,경기도 수원시 권선구 동수원로 218-39,127.03596359999999,37.24876,경기도수원시
수원남문점,경기도,수원시,1198461.0,경기도 수원시 팔달구 팔달문로 1,127.01743219999999,37.277676899999996,경기도수원시
수원남부경찰서점,경기도,수원시,1198461.0,경기도 수원시 영통구 매봉로35번길 1,127.0526445,37.2710962,경기도수원시
수원대점,경기도,화성시,781507.0,경기도 화성시 봉담읍 와우안길 42,126.97689550000001,37.215669899999995,경기도화성시
수원동신점,경기도,수원시,1198461.0,경기도 수원시 장안구 만석로159번길 39,126.9968182,37.3031764,경기도수원시
수원망포점,경기도,수원시,1198461.0,경기도 수원시 영통구 영통로153번길 6,127.0550075,37.2414405,경기도수원시
수원매탄점,경기도,수원시,1198461.0,경기도 수원시 영통구 인계로 220,127.04139199999999,37.2648839,경기도수원시
수원성대점,경기도,수원시,1198461.0,경기도 수원시 장안구 서부로2123번길 32,126.9694309,37.298508899999995,경기도수원시
수원세류점,경기도,수원시,1198461.0,경기도 수원시 권선구 세지로 93,127.01831259999999,37.26024879999999,경기도수원시
수원역점,경기도,수원시,1198461.0,경기도 수원시 팔달구 덕영대로943번길 20,127.00275400000001,37.2653216,경기도수원시
수원연무점,경기도,수원시,1198461.0,경기도 수원시 장안구 창훈로 3-2,127.03081759999999,37.2928254,경기도수원시
수원영통점,경기도,수원시,1198461.0,경기도 수원시 영통구 덕영대로1555번길 16,127.0615595,37.2467666,경기도수원시
수원영화점,경기도,수원시,1198461.0,경기도 수원시 장안구 수성로262번길 3,127.0014784,37.2898835,경기도수원시
수원오목천점,경기도,수원시,1198461.0,경기도 수원시 권선구 삼천병마로 1598,126.96341149999999,37.245251,경기도수원시
수원우만점,경기도,수원시,1198461.0,경기도 수원시 팔달구 권광로 373,127.03406979999998,37.2808409,경기도수원시
수원율현점,경기도,수원시,1198461.0,경기도 수원시 팔달구 일월로22번길 22-5,126.9813727,37.285819399999994,경기도수원시
수원정자점,경기도,수원시,1198461.0,경기도 수원시 장안구 대평로 86,126.9932632,37.295943799999996,경기도수원시
수원천천점,경기도,수원시,1198461.0,경기도 수원시 장안구 덕영대로535번길 34,126.982082,37.29710479999999,경기도수원시
수원탑동점,경기도,수원시,1198461.0,경기도 수원시 권선구 탑동로 57번길 2,126.97364669999999,37.2740989,경기도수원시
수원호매실점,경기도,수원시,1198461.0,경기도 수원시 권선구 금호로 28,126.95471529999999,37.2686276,경기도수원시
수원화서점,경기도,수원시,1198461.0,경기도 수원시 팔달구 덕영대로 695,126.9902852,37.2847226,경기도수원시
수원황골점,경기도,수원시,1198461.0,경기도 수원시 영통구 봉영로1744번길 11,127.0836767,37.2664532,경기도수원시
수유광산점,서울특별시,강북구,316604.0,서울특별시 강북구 노해로 87,127.0223176,37.6435898,서울특별시강북구
수유화계사점,서울특별시,강북구,316604.0,서울특별시 강북구 덕릉로 14,127.0152168,37.6338463,서울특별시강북구
수지신봉점,경기도,용인시,1042229.0,경기도 용인시 수지구 신봉2로 2,127.07806140000001,37.32318720000001,경기도용인시
순천금당점,전라남도,순천시,280361.0,전라남도 순천시 연향동 1505-4 ,127.52616670000002,34.9456305,전라남도순천시
순천신대점,전라남도,순천시,280361.0,전라남도 순천시 해룡면 신대리 1998-4,127.55488899999999,34.932521200000004,전라남도순천시
순천연향점,전라남도,순천시,280361.0,전라남도 순천시 연향동 1384-3 부영1차아파트 상가,127.52132390000001,34.9458975,전라남도순천시
순천오천점,전라남도,순천시,280361.0,전라남도 순천시 오천동 964-2,127.49455060000001,34.933246000000004,전라남도순천시
순천왕지점,전라남도,순천시,280361.0,전라남도 순천시 조례동 1834-1 ,127.5319172,34.9533841,전라남도순천시
순천용당점,전라남도,순천시,280361.0,전라남도 순천시 삼산로 93,127.49321570000001,34.9731969,전라남도순천시
순천조례점,전라남도,순천시,280361.0,전라남도 순천시 조례동 957-1,127.51783329999999,34.961214,전라남도순천시
순천중앙점,전라남도,순천시,280361.0,전라남도 순천시 중앙동 57-7 ,127.4843756,34.9568315,전라남도순천시
숭실대점,서울특별시,동작구,399118.0,서울특별시 동작구 상도로 357,126.95356399999999,37.497006,서울특별시동작구
시립대점,서울특별시,동대문구,346312.0,서울특별시 동대문구 전농로 209,127.05375330000001,37.582874,서울특별시동대문구
시흥4동점,서울특별시,금천구,234173.0,서울특별시 금천구 독산로 170,126.90442759999998,37.462495000000004,서울특별시금천구
시흥거모점,경기도,시흥시,459601.0,경기도 시흥시 군자로 523,126.78555549999999,37.343494899999996,경기도시흥시
시흥능곡점,경기도,시흥시,459601.0,경기도 시흥시 승지로 54,126.81036129999998,37.3687316,경기도시흥시
시흥대야점,경기도,시흥시,459601.0,경기도 시흥시 비둘기공원7길 39,126.7924068,37.442493299999995,경기도시흥시
시흥벽산점,서울특별시,금천구,234173.0,서울특별시 금천구 금하로 757,126.9138348,37.4501854,서울특별시금천구
시흥사거리점,서울특별시,금천구,234173.0,서울특별시 금천구 금하로 630,126.90113429999998,37.4546674,서울특별시금천구
시흥옥구점,경기도,시흥시,459601.0,경기도 시흥시 옥구상가2길 4,126.7239898,37.3539121,경기도시흥시
시흥장곡점,경기도,시흥시,459601.0,경기도 시흥시 진말로9번길 2,126.7852551,37.378477000000004,경기도시흥시
시흥정왕점,경기도,시흥시,459601.0,경기도 시흥시 함송로 23,126.7310235,37.3635226,경기도시흥시
신금호역점,서울특별시,성동구,305785.0,서울특별시 성동구 금호로 145 1층,127.02055379999999,37.553976,서울특별시성동구
신길점,서울특별시,영등포구,368874.0,서울특별시 영등포구 영등포로 365,126.91910379999999,37.5143484,서울특별시영등포구
신내점,서울특별시,중랑구,401546.0,서울특별시 중랑구 봉화산로 218,127.0970527,37.607383399999996,서울특별시중랑구
신당역점,서울특별시,중구,125913.0,서울특별시 중구 퇴계로86길 6,127.0196128,37.5652743,서울특별시중구
신대방삼거리역점,서울특별시,동작구,399118.0,서울특별시 동작구 보라매로 93,126.9277226,37.4977822,서울특별시동작구
신대방역점,서울특별시,관악구,502251.0,서울특별시 관악구 난곡로 354,126.9140577,37.485515299999996,서울특별시관악구
신대방점,서울특별시,영등포구,368874.0,서울특별시 영등포구 여의대방로 25,126.9103685,37.495069,서울특별시영등포구
신도림점,서울특별시,구로구,405516.0,서울특별시 구로구 경인로65길 44,126.88520679999999,37.5095917,서울특별시구로구
신림6동점,서울특별시,관악구,502251.0,서울특별시 관악구 신림로 141,126.9334537,37.4716121,서울특별시관악구
신림9동점,서울특별시,관악구,502251.0,서울특별시 관악구 대학6길 2,126.93758340000001,37.4689817,서울특별시관악구
신림역점,서울특별시,관악구,502251.0,서울특별시 관악구 남부순환로 1594-1,126.9278797,37.4837833,서울특별시관악구
신만덕점,부산광역시,북구,292843.0,부산광역시 북구 만덕3동 916-8번지 ,129.0293138,35.21083979999999,부산광역시북구
신방화역점,서울특별시,강서구,596233.0,서울특별시 강서구 마곡서1로 100,126.8200808,37.566035,서울특별시강서구
신설동역점,서울특별시,동대문구,346312.0,서울특별시 동대문구 왕산로 11,127.02473090000001,37.576416200000004,서울특별시동대문구
신수점,서울특별시,마포구,374824.0,서울특별시 마포구 토정로 218,126.9350643,37.544775099999995,서울특별시마포구
신월1점,서울특별시,양천구,462126.0,서울특별시 양천구 화곡로 84,126.8312135,37.5393241,서울특별시양천구
신월2동점,서울특별시,양천구,462126.0,서울특별시 양천구 오목로 77,126.8461062,37.5231196,서울특별시양천구
신월7동점,서울특별시,양천구,462126.0,서울특별시 양천구 지양로 75,126.8333496,37.5221846,서울특별시양천구
신정역점,서울특별시,양천구,462126.0,서울특별시 양천구 오목로 194,126.8589307,37.5252076,서울특별시양천구
신정점,서울특별시,양천구,462126.0,서울특별시 양천구 목동남로4길 6-23,126.8655747,37.507442,서울특별시양천구
신창시장점,서울특별시,도봉구,337346.0,서울특별시 도봉구 덕릉로 242,127.0388785,37.6391785,서울특별시도봉구
신풍역점,서울특별시,영등포구,368874.0,서울특별시 영등포구 신풍로 1,126.9062946,37.5005379,서울특별시영등포구
쌍문역점,서울특별시,도봉구,337346.0,서울특별시 도봉구 도봉로109길 12,127.03272120000001,37.6468732,서울특별시도봉구
아산둔포점,충청남도,아산시,313537.0,충청남도 아산시 둔포면 둔포리 477-6 ,127.03894650000001,36.93057329999999,충청남도아산시
아산모산점,충청남도,아산시,313537.0,충청남도 아산시 배방면 공수리 262 황금프라자 114 ,127.05525690000002,36.7721162,충청남도아산시
아산모종점,충청남도,아산시,313537.0,충청남도 아산시 모종동 426-5 복영빌딩 ,127.0184666,36.7818858,충청남도아산시
아산신도시점,충청남도,아산시,313537.0,충청남도 아산시 배방읍 장재리 1513 ,127.09123600000001,36.7885027,충청남도아산시
아산신창점,충청남도,아산시,313537.0,충청남도 아산시 신창면 행목로 218,126.95440320000002,36.7830632,충청남도아산시
아산온양온천점,충청남도,아산시,313537.0,충청남도 아산시 온천동 86-24 ,127.0044189,36.781499,충청남도아산시
아산용화점,충청남도,아산시,313537.0,충청남도 아산시 용화동 653번지 102호 ,126.99739709999999,36.7757235,충청남도아산시
아산음봉포스코점,충청남도,아산시,313537.0,충청남도 아산시 음봉면 동암리,127.0569,36.846574,충청남도아산시
아산탕정점,충청남도,아산시,313537.0,충청남도 아산시 탕정면 탕정면로 37 트라팰리스 상가 1층,127.0616723,36.8008436,충청남도아산시
아산테크노밸리점,충청남도,아산시,313537.0,충청남도 아산시 둔포면 아산밸리중앙로 58-5,127.05590120000001,36.9229653,충청남도아산시
아주대점,경기도,수원시,1198461.0,경기도 수원시 영통구 아주로 36,127.0441023,37.2780408,경기도수원시
아차산역점,서울특별시,광진구,354344.0,서울특별시 광진구 자양로 294,127.09235520000001,37.5517662,서울특별시광진구
안동옥동점,경상북도,안동시,160737.0,경상북도 안동시 옥동 734,128.69999620000002,36.566229299999996,경상북도안동시
안면점,충청남도,태안군,63062.0,충청남도 태안군 안면읍 승언리 1137,126.3454514,36.5167576,충청남도태안군
안산1점,경기도,안산시,657988.0,경기도 안산시 상록구 안산대학로 98,126.86897579999999,37.3091016,경기도안산시
안산건건점,경기도,안산시,657988.0,경기도 안산시 상록구 건건로 6,126.903998,37.30792,경기도안산시
안산본오점,경기도,안산시,657988.0,경기도 안산시 상록구 석호로 268,126.860206,37.2934566,경기도안산시
안산부곡점,경기도,안산시,657988.0,경기도 안산시 상록구 부곡로 55,126.86006770000002,37.3274351,경기도안산시
안산사2동점,경기도,안산시,657988.0,경기도 안산시 상록구 감골2로 12,126.8552105,37.2914881,경기도안산시
안산선부점,경기도,안산시,657988.0,경기도 안산시 단원구 선부로 166,126.8125074,37.339983000000004,경기도안산시
안산수암점,경기도,안산시,657988.0,경기도 안산시 상록구 수인로 2010,126.8759764,37.3625839,경기도안산시
안산원곡점,경기도,안산시,657988.0,경기도 안산시 단원구 원선1로 61,126.8044133,37.3292583,경기도안산시
안산월피점,경기도,안산시,657988.0,경기도 안산시 상록구 부루지길 6,126.85078909999999,37.3282021,경기도안산시
안산한대앞역점,경기도,안산시,657988.0,경기도 안산시 상록구 광덕1로 386,126.8524248,37.308468,경기도안산시
안산한양대점,경기도,안산시,657988.0,경기도 안산시 상록구 한양대학로 38,126.8393866,37.301113799999996,경기도안산시
안성공도점,경기도,안성시,183665.0,경기도 안성시 공도읍 공도로 91,127.17110359999998,37.000104799999995,경기도안성시
안성금산교차로점,경기도,안성시,183665.0,경기도 안성시 안성맞춤대로 1088,127.2706092,37.0104908,경기도안성시
안성죽산점,경기도,안성시,183665.0,경기도 안성시 죽산면 남부길 75,127.4257557,37.0756937,경기도안성시
안암점,서울특별시,동대문구,346312.0,서울특별시 동대문구 안암로 68,127.029099,37.5821441,서울특별시동대문구
안양갈산점,경기도,안양시,573296.0,경기도 안양시 동안구 갈산로 35,126.9614861,37.37515120000001,경기도안양시
안양관양점,경기도,안양시,573296.0,경기도 안양시 동안구 관평로 324,126.9577517,37.4049312,경기도안양시
안양박달점,경기도,안양시,573296.0,경기도 안양시 만안구 박달로 471,126.90490220000001,37.40255,경기도안양시
안양비산점,경기도,안양시,573296.0,경기도 안양시 동안구 비산로 57,126.93165800000001,37.4018661,경기도안양시
안양성결대점,경기도,안양시,573296.0,경기도 안양시 만안구 성결대학로 28,126.93109340000001,37.3827745,경기도안양시
안양인덕원점,경기도,안양시,573296.0,경기도 안양시 동안구 흥안대로456번길 11,126.9764618,37.3947619,경기도안양시
안양일번가점,경기도,안양시,573296.0,경기도 안양시 만안구 만안로223번길 13,126.92195020000001,37.400591799999994,경기도안양시
안양중앙시장점,경기도,안양시,573296.0,경기도 안양시 만안구 장내로 86,126.9182696,37.3950565,경기도안양시
안양평촌도서관점,경기도,안양시,573296.0,경기도 안양시 동안구 관평로 227,126.95781470000001,37.396762100000004,경기도안양시
안양평촌점,경기도,안양시,573296.0,경기도 안양시 동안구 평촌대로 142,126.9598976,37.3849942,경기도안양시
안양호계점,경기도,안양시,573296.0,경기도 안양시 동안구 경수대로 472,126.95925279999999,37.3649754,경기도안양시
암사롯데캐슬점,서울특별시,강동구,424727.0,서울특별시 강동구 고덕로 105,127.1371919,37.5550033,서울특별시강동구
암사점,서울특별시,강동구,424727.0,서울특별시 강동구 올림픽로 787,127.1277494,37.5514771,서울특별시강동구
약수점,서울특별시,중구,125913.0,서울특별시 중구 다산로 136,127.01153490000002,37.5559056,서울특별시중구
양구점,강원도,양구군,23279.0,강원도 양구군 양구읍 사명길 118-17,127.98879840000002,38.10787070000001,강원도양구군
양산남부점,경상남도,양산시,349925.0,경상남도 양산시 남부동 ,129.0304,35.3343,경상남도양산시
양산물금역점,경상남도,양산시,349925.0,"경상남도 양산시 물금읍 물금리 800-1, 상가동 514동 103호",128.98952590000002,35.3123735,경상남도양산시
양산웅상점,경상남도,양산시,349925.0,경상남도 양산시 삼호동 871-5 ,129.17290490000002,35.407607399999996,경상남도양산시
양산평산점,경상남도,양산시,349925.0,경상남도 양산시 평산동 94-5,129.1516572,35.381904,경상남도양산시
양양점,강원도,양양군,27519.0,강원도 양양군 양양읍 양양로 96,128.6189592,38.0740938,강원도양양군
양재점,서울특별시,서초구,432336.0,서울특별시 서초구 남부순환로356길 33,127.0382388,37.4835685,서울특별시서초구
양주고읍점,경기도,양주시,219789.0,경기도 양주시 고읍남로 24,127.0789332,37.7944519,경기도양주시
양주덕정점,경기도,양주시,219789.0,경기도 양주시 고암길 306-77,127.0686085,37.8367622,경기도양주시
양주백석점,경기도,양주시,219789.0,경기도 양주시 백석읍 양주산성로 550,126.992806,37.7871286,경기도양주시
양주삼숭점,경기도,양주시,219789.0,경기도 양주시 삼숭로38번길 106,127.1068939,37.7958408,경기도양주시
양주옥정점,경기도,양주시,219789.0,경기도 양주시 옥정동로7가길 30,127.0940811,37.8201974,경기도양주시
양평군청점,경기도,양평군,116084.0,경기도 양평군 양평읍 양평시장길27번길 11,127.48989250000001,37.490192799999996,경기도양평군
양평용문점,경기도,양평군,116084.0,경기도 양평군 용문면 용문로 344,127.5924466,37.48341420000001,경기도양평군
양평점,서울특별시,영등포구,368874.0,서울특별시 영등포구 선유서로 67,126.8851642,37.521835100000004,서울특별시영등포구
엄궁점,부산광역시,사상구,221994.0,부산광역시 사상구 엄궁동 726 엄궁롯데APT주상가 106호 ,128.97568370000002,35.1269649,부산광역시사상구
여수교동점,전라남도,여수시,282946.0,전라남도 여수시 교동 397,127.7327645,34.740862299999996,전라남도여수시
여수국동점,전라남도,여수시,282946.0,전라남도 여수시 국동 438,127.7158094,34.7306162,전라남도여수시
여수무선점,전라남도,여수시,282946.0,전라남도 여수시 선원동 1245-6 ,127.65125049999999,34.7724729,전라남도여수시
여수미평점,전라남도,여수시,282946.0,전라남도 여수시 미평동 758-3,127.7025261,34.7723319,전라남도여수시
여수봉계점,전라남도,여수시,282946.0,전라남도 여수시 봉계동 682-19,127.66871699999999,34.783615999999995,전라남도여수시
여수신기점,전라남도,여수시,282946.0,전라남도 여수시 신기동 43-10,127.6736293,34.7615163,전라남도여수시
여수여문점,전라남도,여수시,282946.0,전라남도 여수시 문수동 180-1 ,127.70104609999999,34.752576899999994,전라남도여수시
여수죽림점,전라남도,여수시,282946.0,전라남도 여수시 소라면 죽림로 31,127.63954340000001,34.7636125,전라남도여수시
여수학동점,전라남도,여수시,282946.0,전라남도 여수시 학동 59번지 103호 ,127.6562712,34.7633691,전라남도여수시
여의도점,서울특별시,영등포구,368874.0,서울특별시 영등포구 국제금융로7길 22,126.9330807,37.5232563,서울특별시영등포구
여주가남점,경기도,여주시,111143.0,경기도 여주시 가남읍 태평로 23-2,127.5463277,37.2029421,경기도여주시
여주점,경기도,여주시,111143.0,경기도 여주시 세종로 75,127.63564479999998,37.2911538,경기도여주시
역곡점,경기도,부천시,837937.0,경기도 부천시 부일로 747,126.81271059999999,37.48642879999999,경기도부천시
역삼1동점,서울특별시,강남구,542108.0,서울특별시 강남구 역삼로 145,127.035234,37.4947741,서울특별시강남구
역촌점,서울특별시,은평구,484267.0,서울특별시 은평구 갈현로 82,126.9106902,37.6052717,서울특별시은평구
연천전곡점,경기도,연천군,44187.0,경기도 연천군 전곡읍 전곡로 145-1,127.06857520000001,38.0251804,경기도연천군
연희점,서울특별시,서대문구,311586.0,서울특별시 서대문구 연희로 82,126.930273,37.565215,서울특별시서대문구
염창점,서울특별시,강서구,596233.0,서울특별시 강서구 양천로 696,126.87307849999999,37.5499909,서울특별시강서구
영광점,전라남도,영광군,54040.0,전라남도 영광군 영광읍 도동리168-6,126.51205470000001,35.274007899999994,전라남도영광군
영등포구청역점,서울특별시,영등포구,368874.0,서울특별시 영등포구 당산로 108,126.8965101,37.5242941,서울특별시영등포구
영등포남부역점,서울특별시,영등포구,368874.0,서울특별시 영등포구 영신로19길 16,126.9060004,37.5140547,서울특별시영등포구
영월점,강원도,영월군,39440.0,강원도 영월군 영월읍 중앙로 22,128.4662086,37.1834157,강원도영월군
영천1호점,경상북도,영천시,101360.0,경상북도 영천시 문외동 49-2 104호 ,128.9403829,35.9725153,경상북도영천시
예산점,충청남도,예산군,79791.0,충청남도 예산군 예산읍 주교리 214-12 ,126.83138459999999,36.6859584,충청남도예산군
오남점,경기도,남양주시,687575.0,경기도 남양주시 오남읍 진건오남로 519,127.20977520000001,37.6802635,경기도남양주시
오류2동점,서울특별시,구로구,405516.0,서울특별시 구로구 오류로 60,126.84034040000002,37.48999439999999,서울특별시구로구
오산갈곶점,경기도,오산시,220081.0,경기도 오산시 오산로 79,127.0688433,37.1339638,경기도오산시
오산궐동점,경기도,오산시,220081.0,경기도 오산시 궐리사로 77,127.0607797,37.1586418,경기도오산시
오산금암마을점,경기도,오산시,220081.0,경기도 오산시 수청로 209,127.04383440000001,37.1761273,경기도오산시
오산내삼미점,경기도,오산시,220081.0,경기도 오산시 내삼미로 109,127.06427450000001,37.17228720000001,경기도오산시
오산누읍점,경기도,오산시,220081.0,경기도 오산시 누읍로 17,127.0498668,37.142472,경기도오산시
오산대원점,경기도,오산시,220081.0,경기도 오산시 경기대로 153,127.07311770000001,37.138310499999996,경기도오산시
오산운암뜰점,경기도,오산시,220081.0,경기도 오산시 대원로 65,127.0758774,37.146571,경기도오산시
오산운천초점,경기도,오산시,220081.0,경기도 오산시 운암로 121,127.07840039999999,37.1568579,경기도오산시
옥산점,충청북도,청원군,838887.0,충청북도 청원군 옥산면 오산리 211-16 ,127.37425400000001,36.6652282,충청북도청원군
옥천점,충청북도,옥천군,51371.0,충청북도 옥천군 옥천읍 금구리 7-7 ,127.5685774,36.3016235,충청북도옥천군
와수리점,강원도,철원군,45840.0,강원도 철원군 서면 와수로181번길 25-16,127.43787579999999,38.2394021,강원도철원군
완주봉동점,전라북도,완주군,93382.0,전라북도 완주군 봉동읍 둔산리 877-7 ,127.12615590000001,35.9620946,전라북도완주군
완주삼례점,전라북도,완주군,93382.0,전라북도 완주군 삼례읍 후정리 18-1 ,127.0693632,35.9139735,전라북도완주군
외대앞역점,서울특별시,동대문구,346312.0,서울특별시 동대문구 휘경로 14,127.0615439,37.5957081,서울특별시동대문구
용답점,서울특별시,성동구,305785.0,서울특별시 성동구 용답중앙길 16,127.04973030000001,37.567311,서울특별시성동구
용두점,서울특별시,동대문구,346312.0,서울특별시 동대문구 고산자로29길 6,127.0378117,37.5762849,서울특별시동대문구
용마산역점,서울특별시,중랑구,401546.0,서울특별시 중랑구 면목로 252,127.08566129999998,37.575355,서울특별시중랑구
용문시장점,서울특별시,용산구,228940.0,서울특별시 용산구 효창원로 97,126.9597588,37.537395000000004,서울특별시용산구
용산해방촌점,서울특별시,용산구,228940.0,서울특별시 용산구 신흥로 86,126.9859491,37.545639,서울특별시용산구
용인금화점,경기도,용인시,1042229.0,경기도 용인시 기흥구 금화로 107,127.10623249999999,37.2662158,경기도용인시
용인동백점,경기도,용인시,1042229.0,경기도 용인시 기흥구 동백8로 90,127.16016129999998,37.2831463,경기도용인시
용인동천점,경기도,용인시,1042229.0,경기도 용인시 수지구 동천동 174-17,127.09625009999999,37.3402576,경기도용인시
용인둔전점,경기도,용인시,1042229.0,경기도 용인시 처인구 포곡읍 포곡로 114,127.2180426,37.26946289999999,경기도용인시
용인마북점,경기도,용인시,1042229.0,경기도 용인시 기흥구 마북로 135,127.1220503,37.30257260000001,경기도용인시
용인마평점,경기도,용인시,1042229.0,경기도 용인시 처인구 고림로 22,127.21487549999999,37.2356661,경기도용인시
용인모현점,경기도,용인시,1042229.0,경기도 용인시 처인구 모현읍 백옥대로 2391,127.2493029,37.337117600000006,경기도용인시
용인백암점,경기도,용인시,1042229.0,경기도 용인시 처인구 백암면 백암로 199,127.3749612,37.164260299999995,경기도용인시
용인보라점,경기도,용인시,1042229.0,경기도 용인시 기흥구 사은로126번길 10,127.11741840000002,37.2527994,경기도용인시
용인상하점,경기도,용인시,1042229.0,경기도 용인시 기흥구 중부대로788번길 2,127.1423493,37.2582809,경기도용인시
용인상현점,경기도,용인시,1042229.0,경기도 용인시 수지구 만현로 102,127.0846237,37.3073583,경기도용인시
용인새천년점,경기도,용인시,1042229.0,경기도 용인시 기흥구 새천년로26번길 4,127.1119165,37.2887968,경기도용인시
용인서천점,경기도,용인시,1042229.0,경기도 용인시 기흥구 서천로127번길 3-3,127.07251000000001,37.2368365,경기도용인시
용인시청점,경기도,용인시,1042229.0,경기도 용인시 처인구 중부대로 1154,127.17319690000001,37.2393888,경기도용인시
용인양지점,경기도,용인시,1042229.0,경기도 용인시 처인구 양지면 양지로 162,127.2862352,37.2341292,경기도용인시
용인어정역점,경기도,용인시,1042229.0,경기도 용인시 기흥구 어정로 139,127.1448825,37.2758516,경기도용인시
용인언남점,경기도,용인시,1042229.0,경기도 용인시 기흥구 구성로 103,127.1207649,37.2937877,경기도용인시
용인역북점,경기도,용인시,1042229.0,경기도 용인시 처인구 역북동 760,127.18773759999999,37.2309501,경기도용인시
용인영덕점,경기도,용인시,1042229.0,경기도 용인시 기흥구 덕영대로2077번길 16,127.0966571,37.2681902,경기도용인시
용인오리역벽산점,경기도,용인시,1042229.0,경기도 용인시 수지구 용구대로2801번길 7,127.10799170000001,37.335278,경기도용인시
용인전대리점,경기도,용인시,1042229.0,경기도 용인시 처인구 포곡읍 전대로 66,127.21865220000001,37.28431970000001,경기도용인시
용인죽전새터점,경기도,용인시,1042229.0,경기도 용인시 수지구 현암로 121,127.12284240000001,37.331975899999996,경기도용인시
용인죽전점,경기도,용인시,1042229.0,경기도 용인시 수지구 대지로 30,127.11336329999999,37.3275326,경기도용인시
용인천리점,경기도,용인시,1042229.0,경기도 용인시 처인구 이동읍 백옥대로 603,127.2063264,37.190583399999994,경기도용인시
용인청덕점,경기도,용인시,1042229.0,경기도 용인시 기흥구 구성3로 37,127.1491527,37.2957208,경기도용인시
용인한보라점,경기도,용인시,1042229.0,경기도 용인시 기흥구 한보라1로64번길 2,127.1072084,37.25021810000001,경기도용인시
용인흥덕점,경기도,용인시,1042229.0,경기도 용인시 기흥구 흥덕2로 115,127.0738037,37.2778405,경기도용인시
용현5동점,인천광역시,남구,413178.0,인천광역시 남구 낙섬중로 13,126.63582,37.4499184,인천광역시남구
우면점,서울특별시,서초구,432336.0,서울특별시 서초구 바우뫼로7길 16,127.0251114,37.4710842,서울특별시서초구
운정가람마을점,경기도,파주시,453366.0,경기도 파주시 교하읍 와동리 교하신도시F6-5외1필지해솔프라자103호,126.75089399999999,37.732847,경기도파주시
울산남외점,울산광역시,울산,228014.0,울산광역시 울산 중구 남외동 510-1,129.35083999999998,35.565211,울산광역시울산
울산다운점,울산광역시,중구,125913.0,울산광역시 중구 다운동 549-6 ,129.2723663,35.55808270000001,울산광역시중구
울산달천점,울산광역시,북구,213854.0,"울산광역시 북구 달천동1-5,달천아이파크1차상가B-115 ",129.3306021,35.6352425,울산광역시북구
울산매곡점,울산광역시,북구,213854.0,울산광역시 북구 매곡동 815-26,129.3580925,35.64285510000001,울산광역시북구
울산무거점,울산광역시,남구,226713.0,울산광역시 남구 무거동 847-13,129.2588198,35.546893,울산광역시남구
울산반구홈플러스점,울산광역시,중구,125913.0,울산광역시 중구 반구2동 62-4 ,129.3360318,35.5638011,울산광역시중구
울산삼산점,울산광역시,남구,226713.0,울산광역시 남구 삼산동 1547 1층 ,129.33656240000002,35.542984499999996,울산광역시남구
울산세양청구점,울산광역시,남구,226713.0,울산광역시 남구 삼산동 176-1,129.3489642,35.5453765,울산광역시남구
울산언양점,울산광역시,울주군,222191.0,울산광역시 울주군 언양읍 동부리 157-2 ,129.1251666,35.5651227,울산광역시울주군
울산옥동점,울산광역시,남구,226713.0,울산광역시 남구 옥동 1403-16 ,129.295333,35.5351703,울산광역시남구
울산유곡점,울산광역시,중구,125913.0,울산광역시 중구 유곡동 475-1,129.2955928,35.560323,울산광역시중구
울산전하점,울산광역시,동구,161582.0,울산광역시 동구 전하동 660-1 ,129.42297659999997,35.50878179999999,울산광역시동구
울산천상점,울산광역시,울주군,222191.0,울산광역시 울주군 범서읍 천상리 329-1,129.2271392,35.5629567,울산광역시울주군
울산태화점,울산광역시,중구,125913.0,울산광역시 중구 태화동 419-10 ,129.29605719999998,35.552306,울산광역시중구
울산호계점,울산광역시,북구,213854.0,울산광역시 북구 호계동 250-3 1층 ,129.3518128,35.6306912,울산광역시북구
울산화봉점,울산광역시,울산,211922.0,울산광역시 울산 북구 화봉동 1463,129.365846,35.595253,울산광역시울산
원주단계점,강원도,원주시,345712.0,강원도 원주시 백간길 81,127.9321125,37.3524821,강원도원주시
원주단구점,강원도,원주시,345712.0,강원도 원주시 단구로 404,127.9550058,37.3208903,강원도원주시
원주명륜점,강원도,원주시,345712.0,강원도 원주시 예술관길 7,127.94374209999998,37.3341048,강원도원주시
원주무실점,강원도,원주시,345712.0,강원도 원주시 시청로 84,127.92805290000001,37.336363299999995,강원도원주시
원주봉산점,강원도,원주시,345712.0,강원도 원주시 행구로 68,127.96475,37.3415434,강원도원주시
원주우산점,강원도,원주시,345712.0,강원도 원주시 우산로 68,127.93702340000002,37.3695776,강원도원주시
원주일산점,강원도,원주시,345712.0,강원도 원주시 무실로 148,127.9413615,37.3425704,강원도원주시
원주태장점,강원도,원주시,345712.0,강원도 원주시 흥양로 48-1,127.9525134,37.382646,강원도원주시
원주혁신도시점,강원도,원주시,345712.0,강원도 원주시 입춘로 110,127.9816729,37.3234153,강원도원주시
원주흥업점,강원도,원주시,345712.0,강원도 원주시 흥업면 남원로 70,127.9202081,37.302078200000004,강원도원주시
월계점,서울특별시,노원구,539884.0,서울특별시 노원구 월계로55길 16,127.061027,37.6323576,서울특별시노원구
월곡점,서울특별시,성북구,439754.0,서울특별시 성북구 오패산로 46,127.03872150000001,37.60706920000001,서울특별시성북구
월곶점,경기도,시흥시,459601.0,경기도 시흥시 월곶중앙로 58,126.73898940000001,37.388938700000004,경기도시흥시
유구점,충청남도,공주시,107036.0,충청남도 공주시 유구읍 석남리 356 105호 ,126.9511182,36.5501412,충청남도공주시
은천점,서울특별시,관악구,502251.0,서울특별시 관악구 은천로 38-1,126.93958710000001,37.4860597,서울특별시관악구
은평뉴타운2지구점,서울특별시,은평구,484267.0,서울특별시 은평구 진관2로 90,126.9272865,37.6332758,서울특별시은평구
은평뉴타운점,서울특별시,은평구,484267.0,서울특별시 은평구 진관4로 47,126.92636350000001,37.64621339999999,서울특별시은평구
은평신사점,서울특별시,은평구,484267.0,서울특별시 은평구 신사동 41-14,126.9088442,37.595620200000006,서울특별시은평구
음성점,충청북도,음성군,95375.0,충청북도 음성군 음성읍 읍내리 536-8 ,127.69006170000002,36.9340734,충청북도음성군
응암오거리점,서울특별시,은평구,484267.0,서울특별시 은평구 가좌로 237,126.91622450000001,37.5906542,서울특별시은평구
응암점,서울특별시,은평구,484267.0,서울특별시 은평구 진흥로 29,126.9187462,37.600593599999996,서울특별시은평구
의왕갈뫼점,경기도,의왕시,157090.0,경기도 의왕시 갈미2로 40,126.9714399,37.37945670000001,경기도의왕시
의왕고천점,경기도,의왕시,157090.0,경기도 의왕시 전주남이길 8,126.97555109999999,37.3504088,경기도의왕시
의왕내손점,경기도,의왕시,157090.0,경기도 의왕시 내손중앙로 37-3,126.9799551,37.387015500000004,경기도의왕시
의왕부곡점,경기도,의왕시,157090.0,경기도 의왕시 부곡중앙로 21,126.95133030000001,37.3212028,경기도의왕시
의왕오전점,경기도,의왕시,157090.0,경기도 의왕시 원골로 8,126.96746100000001,37.3582652,경기도의왕시
의왕청계점,경기도,의왕시,157090.0,경기도 의왕시 청계1로 29,126.998379,37.3917877,경기도의왕시
의정부가능점,경기도,의정부시,450332.0,경기도 의정부시 가능로 50,127.03670109999999,37.7465825,경기도의정부시
의정부금오점,경기도,의정부시,450332.0,경기도 의정부시 부용로 105,127.0693544,37.75129370000001,경기도의정부시
의정부녹양점,경기도,의정부시,450332.0,경기도 의정부시 녹양로 64,127.03323799999998,37.75675379999999,경기도의정부시
의정부망월사점,경기도,의정부시,450332.0,경기도 의정부시 평화로244번길 25,127.04771029999999,37.7139544,경기도의정부시
의정부민락점,경기도,의정부시,450332.0,경기도 의정부시 용현로 144,127.09197169999999,37.740742499999996,경기도의정부시
의정부신곡점,경기도,의정부시,450332.0,경기도 의정부시 추동로 45,127.058375,37.7453846,경기도의정부시
의정부용현점,경기도,의정부시,450332.0,경기도 의정부시 오목로18번길 10,127.08563190000001,37.7323016,경기도의정부시
의정부장암점,경기도,의정부시,450332.0,경기도 의정부시 동일로 458,127.05976129999999,37.7292693,경기도의정부시
의정부호원점,경기도,의정부시,450332.0,경기도 의정부시 호동로 67,127.04332659999999,37.7279274,경기도의정부시
이대점,서울특별시,서대문구,311586.0,서울특별시 서대문구 이화여대7길 15,126.9448115,37.5586532,서울특별시서대문구
이천마장점,경기도,이천시,214814.0,경기도 이천시 마장면 오천로 22-1,127.35109270000001,37.25440250000001,경기도이천시
이천송정점,경기도,이천시,214814.0,경기도 이천시 송정동 316-2,127.4351947,37.2958992,경기도이천시
이천신하리점,경기도,이천시,214814.0,경기도 이천시 부발읍 경충대로 2241,127.47769479999998,37.2591772,경기도이천시
이천안흥점,경기도,이천시,214814.0,경기도 이천시 영창로 306,127.4565678,37.2809799,경기도이천시
이천창전점,경기도,이천시,214814.0,경기도 이천시 서희로 67-11,127.442568,37.2818896,경기도이천시
익산동부시장점,전라북도,익산시,291001.0,전라북도 익산시 마동 153-17 ,126.9660669,35.94561810000001,전라북도익산시
익산동산점,전라북도,익산시,291001.0,전라북도 익산시 동산동 607-3 ,126.9587351,35.92881389999999,전라북도익산시
익산모현점,전라북도,익산시,291001.0,전라북도 익산시 모현동 1가 274-14 ,126.943547,35.9456653,전라북도익산시
익산부송점,전라북도,익산시,291001.0,전라북도 익산시 부송동 1038 동신APT상가 104호,126.99139550000001,35.95883410000001,전라북도익산시
익산영등점,전라북도,익산시,291001.0,전라북도 익산시 영등동 766-7번지 1층 ,126.9716875,35.9560066,전라북도익산시
익산원대점,전라북도,익산시,291001.0,전라북도 익산시 신동 760-7 ,126.9538533,35.9648637,전라북도익산시
인수점,서울특별시,강북구,316604.0,서울특별시 강북구 인수봉로 276,127.0111313,37.643358899999996,서울특별시강북구
인제점,강원도,인제군,31902.0,강원도 인제군 인제읍 인제로 207-1,128.1731571,38.0697752,강원도인제군
인천가좌점,인천광역시,서구,542989.0,인천광역시 서구 원적로 75,126.68070890000001,37.4937787,인천광역시서구
인천검암점,인천광역시,서구,542989.0,인천광역시 서구 승학로 494,126.67449909999999,37.565205,인천광역시서구
인천계산역점,인천광역시,계양구,308685.0,인천광역시 계양구 경명대로 1096,126.72871370000001,37.542936499999996,인천광역시계양구
인천논현소래점,인천광역시,남동구,536255.0,인천광역시 남동구 포구로 75,126.73576509999998,37.4050198,인천광역시남동구
인천논현점,인천광역시,남동구,536255.0,인천광역시 남동구 논고개로136번길 5-7,126.7242784,37.4038239,인천광역시남동구
인천도화점,인천광역시,남구,413178.0,인천광역시 남구 석정로 303,126.66928390000001,37.4681455,인천광역시남구
인천동춘점,인천광역시,연수구,352172.0,인천광역시 연수구 앵고개로 266,126.6728031,37.407013899999995,인천광역시연수구
인천마전점,인천광역시,서구,542989.0,인천광역시 서구 완정로 31,126.6704469,37.5954615,인천광역시서구
인천만수3지구점,인천광역시,남동구,536255.0,인천광역시 남동구 담방로 39,126.73851640000001,37.44316170000001,인천광역시남동구
인천모래내시장점,인천광역시,남동구,536255.0,인천광역시 남동구 구월남로 283,126.7211423,37.4522524,인천광역시남동구
인천부개점,인천광역시,부평구,520171.0,인천광역시 부평구 충선로 107,126.73576299999999,37.4989252,인천광역시부평구
인천삼산점,인천광역시,부평구,520171.0,인천광역시 부평구 충선로 309,126.73520790000002,37.5166307,인천광역시부평구
인천석남점,인천광역시,서구,542989.0,인천광역시 서구 가정로 301-1,126.67239040000001,37.5118701,인천광역시서구
인천송도점,인천광역시,연수구,352172.0,인천광역시 연수구 신송로82번길 6,126.65735590000001,37.3934686,인천광역시연수구
인천송현점,인천광역시,동구,64998.0,인천광역시 동구 송현로 33,126.6356147,37.4791368,인천광역시동구
인천신기점,인천광역시,남구,413178.0,인천광역시 남구 인하로 272,126.6783827,37.447888299999995,인천광역시남구
인천연수점,인천광역시,연수구,352172.0,인천광역시 연수구 독배로40번길 48,126.6472658,37.4240073,인천광역시연수구
인천옥련점,인천광역시,연수구,352172.0,인천광역시 연수구 옥련동 636-1 우성A 제상가동 1층 102호 ,126.64713789999999,37.423718799999996,인천광역시연수구
인천원당점,인천광역시,서구,542989.0,인천광역시 서구 원당대로 843,126.6953726,37.5940931,인천광역시서구
인천임학역점,인천광역시,계양구,308685.0,인천광역시 계양구 장제로 881,126.7388721,37.54566079999999,인천광역시계양구
인천장기점,인천광역시,계양구,308685.0,인천광역시 계양구 황어로 115,126.73363329999998,37.5795016,인천광역시계양구
인천청라점,인천광역시,서구,542989.0,인천광역시 서구 청라라임로 85,126.65171459999999,37.5351108,인천광역시서구
인천학익점,인천광역시,남구,413178.0,인천광역시 남구 매소홀로 470,126.67435420000001,37.439307299999996,인천광역시남구
일산가좌점,경기도,고양시,1045533.0,경기도 고양시 일산서구 가좌4로 2,126.7198416,37.6861825,경기도고양시
일산동점,경기도,고양시,1045533.0,경기도 고양시 일산서구 원일로 126,126.7758616,37.6848855,경기도고양시
일산밤가시점,경기도,고양시,1045533.0,경기도 고양시 일산동구 일산로 449,126.776923,37.6734376,경기도고양시
일산백마점,경기도,고양시,1045533.0,경기도 고양시 일산동구 일산로 213,126.7892004,37.655168100000004,경기도고양시
일산백석점,경기도,고양시,1045533.0,경기도 고양시 일산동구 일산로 30,126.78674270000002,37.641465000000004,경기도고양시
일산식사점,경기도,고양시,1045533.0,경기도 고양시 일산동구 위시티4로 45,126.8152001,37.6794874,경기도고양시
일산주엽점,경기도,고양시,1045533.0,경기도 고양시 일산서구 주엽로 134,126.75818319999999,37.670680299999994,경기도고양시
일산중산점,경기도,고양시,1045533.0,경기도 고양시 일산동구 중산로 254,126.7811307,37.6946394,경기도고양시
일산탄현점,경기도,고양시,1045533.0,경기도 고양시 일산서구 일현로 56,126.76377990000002,37.6919805,경기도고양시
일산호수마을점,경기도,고양시,1045533.0,경기도 고양시 일산동구 노루목로 107,126.7771875,37.6499464,경기도고양시
일산후곡점,경기도,고양시,1045533.0,경기도 고양시 일산서구 일산로 542,126.7680183,37.6779202,경기도고양시
일원점,서울특별시,강남구,542108.0,서울특별시 강남구 양재대로55길 1,127.08783629999999,37.4910702,서울특별시강남구
입암점,강원도,강릉시,213106.0,강원도 강릉시 입암로 157,128.9183652,37.7597295,강원도강릉시
자양점,서울특별시,광진구,354344.0,서울특별시 광진구 뚝섬로 630,127.07941170000001,37.5319498,서울특별시광진구
잠실4단지점,서울특별시,송파구,679824.0,서울특별시 송파구 석촌호수로 13,127.091321,37.507413,서울특별시송파구
잠실본동점,서울특별시,송파구,679824.0,서울특별시 송파구 백제고분로 165,127.0852889,37.505381299999996,서울특별시송파구
잠실점,서울특별시,송파구,679824.0,서울특별시 송파구 올림픽로35가길 9,127.10365800000001,37.5174066,서울특별시송파구
장승배기점,서울특별시,동작구,399118.0,서울특별시 동작구 상도로 199,126.9406759,37.5052805,서울특별시동작구
장안홈타운점,서울특별시,동대문구,346312.0,서울특별시 동대문구 장안벚꽃로 107,127.0747898,37.5694827,서울특별시동대문구
장위고개점,서울특별시,성북구,439754.0,서울특별시 성북구 장위로 51,127.0423395,37.614167200000004,서울특별시성북구
장위점,서울특별시,성북구,439754.0,서울특별시 성북구 돌곶이로 154,127.05184469999999,37.6154701,서울특별시성북구
장지역점,서울특별시,송파구,679824.0,서울특별시 송파구 새말로8길 29,127.1269649,37.4801195,서울특별시송파구
장한평역점,서울특별시,동대문구,346312.0,서울특별시 동대문구 장한로6길 4,127.06644920000001,37.5637131,서울특별시동대문구
장호원점,경기도,이천시,214814.0,경기도 이천시 장호원읍 샘재로 151,127.6291947,37.1176777,경기도이천시
전남고흥점,전라남도,고흥군,65570.0,전라남도 고흥군 고흥읍 남계리 674-3,127.28855929999999,34.6097001,전라남도고흥군
전남구례점,전라남도,구례군,26474.0,전라남도 구례군 구례읍 봉남리 136 ,127.46465819999999,35.20697110000001,전라남도구례군
전남나주점,전라남도,나주시,114815.0,전라남도 나주시 중앙동 29 ,126.71913459999999,35.0331403,전라남도나주시
전남무안점,전라남도,무안군,81808.0,전라남도 무안군 무안읍 성남리 57-4 ,126.4751081,34.989671200000004,전라남도무안군
전남벌교점,전라남도,보성군,42262.0,전라남도 보성군 벌교읍 벌교리 625-16 ,127.34441909999998,34.8432343,전라남도보성군
전남화순점,전라남도,화순군,63499.0,전라남도 화순군 화순읍 만연리 240-8 ,126.99127920000001,35.0606375,전라남도화순군
전북고창점,전라북도,고창군,56407.0,"전라북도 고창군 고창읍 읍내리 205-1, 101호 ",126.7005919,35.434866,전라북도고창군
전북김제점,전라북도,김제시,84734.0,전라북도 김제시 요촌동 184-21 ,126.8887131,35.8000268,전라북도김제시
전북대점,전라북도,전주시,653694.0,전라북도 전주시 덕진구 금암동 1589-1 ,127.1393226,35.8430322,전라북도전주시
전북부안점,전라북도,부안군,54030.0,전라북도 부안군 봉덕리 부안읍 봉덕리 574-114 ,126.738725,35.727394,전라북도부안군
전북임실점,전라북도,임실군,28606.0,전라북도 임실군 임실읍 이도리 236-1,127.2839588,35.6148309,전라북도임실군
전주덕진구청점,전라북도,전주시,653694.0,전라북도 전주시 덕진구 진북동 410-15 ,127.1361558,35.8307164,전라북도전주시
전주동산점,전라북도,전주시,653694.0,전라북도 전주시 덕진구 동산동 574-33 ,127.07932450000001,35.8721141,전라북도전주시
전주삼익점,전라북도,전주시,653694.0,전라북도 전주시 완산구 삼천동 1가 668-6 ,127.12574270000002,35.79562220000001,전라북도전주시
전주삼천점,전라북도,전주시,653694.0,전라북도 전주시 완산구 삼천동 1가 289-5 ,127.1157668,35.795845899999996,전라북도전주시
전주서곡점,전라북도,전주시,653694.0,전라북도 전주시 완산구 효자동 3가 1452-2 ,127.09848490000002,35.834697,전라북도전주시
전주서부시장점,전라북도,전주시,653694.0,전라북도 전주시 완산구 효자동 1가 193-2외2필지 ,127.1272863,35.806297799999996,전라북도전주시
전주서신점,전라북도,전주시,653694.0,전라북도 전주시 완산구 서신동 764-2 ,127.11314209999999,35.8329682,전라북도전주시
전주송천대명점,전라북도,전주시,653694.0,전라북도 전주시 덕진구 송천동 1가 833-5 ,127.11471370000001,35.86383350000001,전라북도전주시
전주송천점,전라북도,전주시,653694.0,전라북도 전주시 덕진구 송천동 2가 1272 ,127.1236998,35.866862,전라북도전주시
전주아중점,전라북도,전주시,653694.0,전라북도 전주시 덕진구 인후동1가 904-5 ,127.1650852,35.8277328,전라북도전주시
전주안골점,전라북도,전주시,653694.0,"전라북도 전주시 덕진구 인후동1가 1029, 한신휴플러스상가 1동 101~102호",127.1542083,35.838269200000006,전라북도전주시
전주중화산점,전라북도,전주시,653694.0,전라북도 전주시 완산구 중화산동 2가 744-2 ,127.1162564,35.825142,전라북도전주시
전주평화점,전라북도,전주시,653694.0,전라북도 전주시 완산구 평화동2가 230-15 ,127.1354765,35.78856500000001,전라북도전주시
전주평화초교점,전라북도,전주시,653694.0,전라북도 전주시 완산구 평화동1가 438-6 ,127.13936240000001,35.798307,전라북도전주시
전주하가지구점,전라북도,전주시,653694.0,전라북도 전주시 덕진구 덕진동 2가 681-7,127.11061940000002,35.84166210000001,전라북도전주시
전주혁신점,전라북도,전주시,653694.0,전라북도 전주시 덕진구 장동 179-1,127.05755800000001,35.84160900000001,전라북도전주시
전주호성점,전라북도,전주시,653694.0,전라북도 전주시 덕진구 우아동3가 594-5 ,127.1550368,35.8560581,전라북도전주시
전주효자점,전라북도,전주시,653694.0,전라북도 전주시 완산구 효자동 1가 621-12 ,127.1150481,35.8106593,전라북도전주시
전주휴먼시아점,전라북도,전주시,653694.0,"전라북도 전주시 완산구 효자동 2가 1313-6,101호",127.0970453,35.809272299999996,전라북도전주시
정릉점,서울특별시,성북구,439754.0,서울특별시 성북구 보국문로16길 31,127.0091051,37.6114223,서울특별시성북구
정왕본동점,경기도,시흥시,459601.0,경기도 시흥시 정왕천로411번길 36,126.74888999999999,37.346300299999996,경기도시흥시
정왕아주점,경기도,시흥시,459601.0,경기도 시흥시 정왕신길로139번길 4,126.73544229999999,37.3531696,경기도시흥시
정읍상동점,전라북도,정읍시,111535.0,전라북도 정읍시 상동 320-8 ,126.86793030000001,35.561014,전라북도정읍시
정읍수성점,전라북도,정읍시,111535.0,전라북도 정읍시 수성동 938-2 ,126.8575788,35.579694399999994,전라북도정읍시
제천서부점,충청북도,충북,135243.0,충청북도 충북 제천시 서부동 793,128.203729,37.135109,충청북도충북
제천신백점,충청북도,충북,135243.0,충청북도 충북 제천시 신백동 215,128.228142,37.129179,충청북도충북
제천청전사거리점,충청북도,제천시,135243.0,"충청북도 제천시 청전동 626-1, 덕일맨션상가11-111호",128.216892,37.1520904,충청북도제천시
조치원신흥점,충청남도,연기군,324417.0,충청남도 연기군 조치원읍 신흥리 77-7 ,127.29394270000002,36.5953271,충청남도연기군
종암점,서울특별시,성북구,439754.0,서울특별시 성북구 종암로9길 3,127.03532560000001,37.5955341,서울특별시성북구
중계본동점,서울특별시,노원구,539884.0,서울특별시 노원구 한글비석로8길 20,127.0775878,37.6473643,서울특별시노원구
중계점,서울특별시,노원구,539884.0,서울특별시 노원구 석계로3길 21,127.0635145,37.6159711,서울특별시노원구
중곡제일시장점,서울특별시,광진구,354344.0,서울특별시 광진구 능동로 51번길 44,127.06934720000001,37.5356631,서울특별시광진구
중화역점,서울특별시,중랑구,401546.0,서울특별시 중랑구 동일로 806,127.0796164,37.6024646,서울특별시중랑구
진주금산점,경상남도,진주시,346678.0,경상남도 진주시 금산면 장사리 962-3,128.1460887,35.2179481,경상남도진주시
진주초전점,경상남도,진주시,346678.0,경상남도 진주시 초전동 1648-6 ,128.11551780000002,35.2036156,경상남도진주시
진주퀸즈웰가점,경상남도,진주시,346678.0,경상남도 진주시 평거동 1130,128.05188429999998,35.1667256,경상남도진주시
진주해모로점,경상남도,초전동,346678.0,경상남도 초전동 1660-85 해모로루비채 2블럭아파트,128.1082545,35.21434710000001,경상남도초전동
진주호탄점,경상남도,진주시,346678.0,경상남도 진주시 호탄동 976-2 ,128.1099113,35.1637131,경상남도진주시
진천점,충청북도,진천군,79919.0,충청북도 진천군 진천읍 읍내리 140-2 ,127.4446966,36.8574897,충청북도진천군
차관사거리점,서울특별시,강남구,542108.0,서울특별시 강남구 봉은사로 474,127.05195330000001,37.5123688,서울특별시강남구
창5동점,서울특별시,도봉구,337346.0,서울특별시 도봉구 해등로16길 66,127.04362900000001,37.65490689999999,서울특별시도봉구
창동점,서울특별시,도봉구,337346.0,서울특별시 도봉구 마들로11가길 12,127.048814,37.652863399999994,서울특별시도봉구
창원반송점,경상남도,창원시,1049897.0,경상남도 창원시 성산구 반림동 15 노블파크주상가127호 ,128.6694239,35.23481010000001,경상남도창원시
창원석동점,경상남도,창원시,1049897.0,경상남도 창원시 진해구 석동 643-1 ,128.7060237,35.1564134,경상남도창원시
천안두정점,충청남도,천안시,649107.0,충청남도 천안시 서북구 두정동 990번지 109호,127.1339567,36.8355829,충청남도천안시
천안목천신계리점,충청남도,천안시,649107.0,충청남도 천안시 목천읍 신계리 166-7 신도브래뉴 아파트,127.211546,36.775756,충청남도천안시
천안백석점,충청남도,천안시,649107.0,충청남도 천안시 서북구 백석동 872-873 대건 프라자 110호,127.12496399999999,36.822377,충청남도천안시
천안봉명점,충청남도,천안시,649107.0,충청남도 천안시 서북구 쌍용동 882 ,127.1310392,36.8073971,충청남도천안시
천안불당점,충청남도,천안시,649107.0,충청남도 천안시 서북구 불당동 734번지 그랜드프라자 101호,127.1108311,36.8097443,충청남도천안시
천안삼성점,충청남도,충남,649107.0,충청남도 충남 천안시 동남구 목천읍 삼성리 185-5,127.173626,36.762445,충청남도충남
천안성거점,충청남도,천안시,649107.0,충청남도 천안시 성거읍 천흥리 426-1 ,127.20145,36.873549,충청남도천안시
천안성정점,충청남도,천안시,649107.0,충청남도 천안시 서북구 성정동 647-9,127.1372267,36.82371,충청남도천안시
천안성환점,충청남도,천안시,649107.0,충청남도 천안시 서북구 성환읍 성환리 34-4,127.133053,36.916407,충청남도천안시
천안신방점,충청남도,천안시,649107.0,충청남도 천안시 동남구 신방동 87-1,127.1241385,36.788212200000004,충청남도천안시
천안신부점,충청남도,천안시,649107.0,충청남도 천안시 동남구 신부동 586 ,127.1561743,36.8228439,충청남도천안시
천안쌍용점,충청남도,천안시,649107.0,충청남도 천안시 서북구 쌍용동 1953 타워프라자 102호 ,127.1190772,36.8023583,충청남도천안시
천안안서점,충청남도,천안시,649107.0,충청남도 천안시 동남구 안서동 226-16,127.17668490000001,36.8305521,충청남도천안시
천안원성점,충청남도,천안시,649107.0,충청남도 천안시 동남구 원성동 546-18 ,127.1592328,36.8030077,충청남도천안시
천안직산점,충청남도,천안시,649107.0,충청남도 천안시 직산읍 삼은리 72-53 제일프라자 109호,127.15208899999999,36.878906,충청남도천안시
천안차암점,충청남도,천안시,649107.0,충청남도 천안시 서북구 차암동 436,127.10479109999999,36.8412843,충청남도천안시
천안청수점,충청남도,천안시,649107.0,충청남도 천안시 동남구 구성동 314-45번지 ,127.1593764,36.7942106,충청남도천안시
천안통정새샘초교점,충청남도,천안시,649107.0,충청남도 천안시 동남구 신방동 1948 ,127.1327091,36.7702586,충청남도천안시
천왕점,서울특별시,구로구,405516.0,서울특별시 구로구 천왕로 42,126.83897079999998,37.4812531,서울특별시구로구
천호1동점,서울특별시,강동구,424727.0,서울특별시 강동구 구천면로 328 102호,127.1360656,37.5484578,서울특별시강동구
천호점,서울특별시,강동구,424727.0,서울특별시 강동구 천호옛길 90,127.1259422,37.5367602,서울특별시강동구
청량리점,서울특별시,동대문구,346312.0,서울특별시 동대문구 홍릉로 36,127.0443943,37.5834726,서울특별시동대문구
청양점,충청남도,청양군,31642.0,충청남도 청양군 청양읍 읍내리 209-29 ,126.8033392,36.4511761,충청남도청양군
청원강내점,충청북도,청원군,838887.0,충청북도 청원군 강내면 월곡리 248-2 ,127.3639463,36.6251261,충청북도청원군
청주가경점,충청북도,청주시,838887.0,충청북도 청주시 흥덕구 가경동 1669 ,127.4432585,36.61742520000001,충청북도청주시
청주금천점,충청북도,청주시,838887.0,충청북도 청주시 상당구 용담동 421,127.50809509999999,36.63316500000001,충청북도청주시
청주복대점,충청북도,청주시,838887.0,충청북도 청주시 흥덕구 복대동 2577 ,127.426047,36.6363349,충청북도청주시
청주봉명점,충청북도,청주시,838887.0,충청북도 청주시 흥덕구 봉명동 2688번지 102호 ,127.4608529,36.64955629999999,충청북도청주시
청주분평점,충청북도,청주시,838887.0,충청북도 청주시 흥덕구 분평동 1249,127.487027,36.609911,충청북도청주시
청주사직점,충청북도,청주시,838887.0,충청북도 청주시 흥덕구 사창동 356-14 ,127.46585,36.631122999999995,충청북도청주시
청주사천점,충청북도,청주시,838887.0,충청북도 청주시 상당구 사천동 229-22 ,127.475774,36.664689,충청북도청주시
청주산남점,충청북도,청주시,838887.0,충청북도 청주시 흥덕구 산남동 516,127.464518,36.611996999999995,충청북도청주시
청주성화점,충청북도,청주시,838887.0,충청북도 청주시 서원구 성화동 889번지,127.45139509999998,36.6148654,충청북도청주시
청주수곡점,충청북도,청주시,838887.0,충청북도 청주시 흥덕구 수곡2동 1001 세원청실apt상가 4호 ,127.473947,36.616904999999996,충청북도청주시
청주용암점,충청북도,청주시,838887.0,"충청북도 청주시 상당구 용암동 2085, 110호 ",127.5098581,36.6094653,충청북도청주시
청주용암중흥점,충청북도,청주시,838887.0,충청북도 청주시 상당구 용암동 2591,127.5136498,36.619664799999995,충청북도청주시
청주운천점,충청북도,청주시,838887.0,충청북도 청주시 흥덕구 운천동 1364번지 ,127.47467069999999,36.650281299999996,충청북도청주시
청주율량점,충청북도,청주시,838887.0,충청북도 청주시 청원구 율량동 881,127.4892878,36.669013299999996,충청북도청주시
청주주성점,충청북도,청주시,838887.0,충청북도 청주시 청원구 율량동 1971,127.4990304,36.668305,충청북도청주시
청평점,경기도,가평군,62740.0,경기도 가평군 청평면 잠곡로 1 ,127.419048,37.7373014,경기도가평군
총신대점,서울특별시,동작구,399118.0,서울특별시 동작구 동작대로27길 28,126.98045159999998,37.48762070000001,서울특별시동작구
춘천석사애막골점,강원도,춘천시,280098.0,강원도 춘천시 후석로186번길 16,127.75407549999998,37.867297,강원도춘천시
춘천장학점,강원도,춘천시,280098.0,강원도 춘천시 동면 춘천로449번길 30-1,127.75407140000002,37.8949588,강원도춘천시
춘천퇴계금호타운점,강원도,춘천시,280098.0,강원도 춘천시 안마산로 213,127.7377878,37.849968200000006,강원도춘천시
춘천후평점,강원도,춘천시,280098.0,강원도 춘천시 후석로 299,127.7511685,37.87780520000001,강원도춘천시
충남부여점,충청남도,부여군,67524.0,충청남도 부여군 부여읍 관북리 156 ,126.9130509,36.2824089,충청남도부여군
충남태안점,충청남도,태안군,63062.0,충청남도 태안군 태안읍 동문리 3구 303-13번지 ,126.3124957,36.7558098,충청남도태안군
충북영동점,충청북도,영동군,49179.0,충청북도 영동군 영동읍 계산리 691-10 ,127.77536529999999,36.1737993,충청북도영동군
충북오창점,충청북도,청원군,38887.0,충청북도 청원군 오창읍 각리 코아루APT상가 301-1호 ,127.426069,36.70839,충청북도청원군
충주연수점,충청북도,충주시,210463.0,충청북도 충주시 연수동 926-9 ,127.93271599999999,36.986816,충청북도충주시
충주용산점,충청북도,충주시,210463.0,충청북도 충주시 용산동 2048 ,127.9397592,36.9606851,충청북도충주시
통영봉평점,경상남도,통영시,132676.0,경상남도 통영시 봉평동 162-40,128.41402920000002,34.8311721,경상남도통영시
퇴계원점,경기도,남양주시,687575.0,경기도 남양주시 퇴계원면 퇴계원로 61,127.14230490000001,37.6522765,경기도남양주시
파주교하점,경기도,파주시,453366.0,경기도 파주시 청석로 272,126.71771559999999,37.72612120000001,경기도파주시
파주금촌점,경기도,파주시,453366.0,경기도 파주시 새꽃로 62,126.7689972,37.755515700000004,경기도파주시
파주법원리점,경기도,파주시,453366.0,경기도 파주시 법원읍 술이홀로 874,126.87282330000001,37.8490403,경기도파주시
파주해솔마을점,경기도,파주시,453366.0,경기도 파주시 가온로 122,126.7460712,37.7206866,경기도파주시
판교백현마을점,경기도,성남시,949316.0,경기도 성남시 분당구 동판교로 58,127.1152273,37.3879097,경기도성남시
판교산운마을점,경기도,성남시,949316.0,경기도 성남시 분당구 운중로 128,127.07734520000001,37.391325200000004,경기도성남시
평창진부점,강원도,평창군,42435.0,강원도 평창군 진부면 진부시장뒷길 48-2,128.5587075,37.637944399999995,강원도평창군
평택비전점,경기도,평택시,500787.0,경기도 평택시 평택3로 54,127.0942872,36.9938021,경기도평택시
평택서정점,경기도,평택시,500787.0,경기도 평택시 서정역로26번길 3,127.05592790000001,37.0564739,경기도평택시
평택세교점,경기도,평택시,500787.0,경기도 평택시 세교3로 5,127.08042730000001,37.002215,경기도평택시
평택소사벌점,경기도,평택시,500787.0,경기도 평택시 만세로 1845,127.1032615,37.0040973,경기도평택시
평택안중점,경기도,평택시,500787.0,경기도 평택시 안중읍 안현로서6길 52,126.9235477,36.9847662,경기도평택시
평택용이점,경기도,평택시,500787.0,경기도 평택시 현신2길 4,127.1359929,36.9944641,경기도평택시
평택원평점,경기도,평택시,500787.0,경기도 평택시 원평로39번길 23-3,127.0837744,36.988796,경기도평택시
평택이충점,경기도,평택시,500787.0,경기도 평택시 이충로35번길 22,127.06673119999999,37.059818799999995,경기도평택시
평택팽성점,경기도,평택시,500787.0,경기도 평택시 팽성읍 부용로 27,127.0587591,36.96320789999999,경기도평택시
평택합정점,경기도,평택시,500787.0,경기도 평택시 평남로 635,127.10653130000001,36.990754100000004,경기도평택시
포이점,서울특별시,강남구,542108.0,서울특별시 강남구 논현로10길 30,127.050955,37.474993100000006,서울특별시강남구
포천송우리점,경기도,포천시,149603.0,경기도 포천시 소흘읍 솔모루로 88,127.1476747,37.8289856,경기도포천시
포천점,경기도,포천시,149603.0,경기도 포천시 구절초로 19,127.20245459999998,37.8957892,경기도포천시
포항양덕점,경상북도,포항시,509064.0,경상북도 포항시 북구 양덕동 467-1,129.38563059999998,36.0896655,경상북도포항시
포항원리점,경상북도,포항시,509064.0,경상북도 포항시 남구 오천읍 원리 932-3,129.40452050000002,35.96777020000001,경상북도포항시
풍납점,서울특별시,송파구,679824.0,서울특별시 송파구 토성로 65,127.1173696,37.52891270000001,서울특별시송파구
풍덕천점,경기도,용인시,1042229.0,경기도 용인시 수지구 풍덕천로 107,127.09391570000001,37.3223735,경기도용인시
하남덕풍점,경기도,하남시,262261.0,경기도 하남시 신장로 169-1,127.20034229999999,37.5405302,경기도하남시
하당우성점,전라남도,목포시,230930.0,전라남도 목포시 상동 886 우성상가 106호 ,126.4218125,34.802444799999996,전라남도목포시
하동점,경상남도,하동군,47056.0,경상남도 하동군 하동읍 읍내리 302-18 ,127.746775,35.0708342,경상남도하동군
한남점,서울특별시,용산구,228940.0,서울특별시 용산구 한남대로21길 27,127.00646809999999,37.5336753,서울특별시용산구
한성대역점,서울특별시,성북구,439754.0,서울특별시 성북구 삼선교로 36-1,127.00980020000002,37.588079799999996,서울특별시성북구
한세대점,경기도,군포시,275207.0,경기도 군포시 고산로151번길 17,126.95590190000001,37.3473127,경기도군포시
한울마을점,경기도,파주시,453366.0,경기도 파주시 동패로 98,126.74024469999999,37.7114661,경기도파주시
한티역점,서울특별시,강남구,542108.0,서울특별시 강남구 선릉로 313,127.0519545,37.4976136,서울특별시강남구
함양점,경상남도,함양군,39922.0,경상남도 함양군 함양읍 용평리 701-7 ,127.7276218,35.5199112,경상남도함양군
합덕점,충청남도,당진시,167481.0,충청남도 당진시 합덕읍 운산리 267-15 ,126.77321409999999,36.8086927,충청남도당진시
합정역점,서울특별시,마포구,374824.0,서울특별시 마포구 독막로2길 6,126.9146252,37.5482962,서울특별시마포구
해남점,전라남도,해남군,71214.0,전라남도 해남군 해남읍 성내리 28-4 ,126.59832279999999,34.5718129,전라남도해남군
해운대점,부산광역시,해운대구,408384.0,부산광역시 해운대구 좌동 1328번지 영남아파트제상가 108-106 ,129.1835919,35.1674435,부산광역시해운대구
행당점,서울특별시,성동구,305785.0,서울특별시 성동구 행당로 75,127.02766329999999,37.5566615,서울특별시성동구
행신서정점,경기도,고양시,1045533.0,경기도 고양시 덕양구 서정마을1로 4-9,126.84545379999999,37.6187798,경기도고양시
행신점,경기도,고양시,1045533.0,경기도 고양시 덕양구 중앙로 554,126.83591229999999,37.62369210000001,경기도고양시
호계도서관점,경기도,안양시,573296.0,경기도 안양시 동안구 귀인로 94,126.95013780000001,37.3818595,경기도안양시
홍성상설시장점,충청남도,홍성군,101037.0,충청남도 홍성군 홍성읍 오관리 221-7,126.6643985,36.60055870000001,충청남도홍성군
홍제점,서울특별시,서대문구,311586.0,서울특별시 서대문구 통일로 414,126.94707050000001,37.5864867,서울특별시서대문구
홍천점,강원도,홍천군,69646.0,강원도 홍천군 홍천읍 홍천로5길 15,127.8828551,37.6899756,강원도홍천군
화곡본동시장점,서울특별시,강서구,596233.0,서울특별시 강서구 까치산로 45,126.8449152,37.543418100000004,서울특별시강서구
화랑대역점,서울특별시,노원구,539884.0,서울특별시 노원구 노원로1길 67,127.08365819999999,37.62083270000001,서울특별시노원구
화성기안점,경기도,화성시,781507.0,경기도 화성시 효행로 291번길 6-2,126.9745773,37.222143700000004,경기도화성시
화성남양점,경기도,화성시,781507.0,경기도 화성시 남양읍 남양시장로66번길 10-7,126.8160068,37.207998499999995,경기도화성시
화성반월초점,경기도,화성시,781507.0,경기도 화성시 효행로 1337-23,127.0618121,37.2253506,경기도화성시
화성발안점,경기도,화성시,781507.0,경기도 화성시 향남읍 3.1만세로 1110,126.90872920000001,37.1325452,경기도화성시
화성봉담점,경기도,화성시,781507.0,경기도 화성시 봉담읍 동화길 91,126.958805,37.2165605,경기도화성시
화성송산점,경기도,화성시,781507.0,경기도 화성시 화산중앙로 27,127.0135298,37.2066797,경기도화성시
화성조암점,경기도,화성시,781507.0,경기도 화성시 우정읍 조암로 14,126.81959590000001,37.0844532,경기도화성시
화성향남1점,경기도,화성시,781507.0,경기도 화성시 향남읍 행정서로3길 4-56,126.91771770000001,37.130078499999996,경기도화성시
화정점,경기도,고양시,1045533.0,경기도 고양시 덕양구 백양로 51,126.83328529999999,37.63028,경기도고양시
화정힐스테이트점,광주광역시,서구,301909.0,광주광역시 서구 화정동 935,126.88552549999999,35.1448491,광주광역시서구
화천사창리점,강원도,화천군,24979.0,강원도 화천군 사내면 사내로 46-1,127.52111070000001,38.0720665,강원도화천군
화천점,강원도,화천군,24979.0,강원도 화천군 화천읍 중앙로 28,127.7068814,38.1037545,강원도화천군
횡성점,강원도,횡성군,46767.0,강원도 횡성군 횡성읍 삼일로 3-1,127.9863601,37.489869899999995,강원도횡성군
후암점,서울특별시,용산구,228940.0,서울특별시 용산구 후암로 3-1,126.9782278,37.546255200000004,서울특별시용산구
휘경점,서울특별시,동대문구,346312.0,서울특별시 동대문구 사가정로 222,127.0696574,37.5785474,서울특별시동대문구
흑석명수대점,서울특별시,동작구,399118.0,서울특별시 동작구 현충로 119,126.9672021,37.5077817,서울특별시동작구
